Reaction,LowerBound,UpperBound
DM_4CRSOL,0,4.66614751061666E-06
DM_5DRIB,0,0.0510442644
DM_AACALD,0,0
DM_AMOB,-9.71753453044461E-15,1.33085835273542E-08
DM_MTHTHF,-1.63334429610359E-13,0.0608574333
DM_OXAM,0,0.3274559067
Ec_biomass_iJO1366_WT_53p95M,0,0.0209244283
Ec_biomass_iJO1366_core_53p95M,0,0.0201113172
EX_12ppd_DASH_R_LPAREN_e_RPAREN_,0,0.3301117037
EX_12ppd_DASH_S_LPAREN_e_RPAREN_,0,0.326379244
EX_14glucan_LPAREN_e_RPAREN_,0,0
EX_15dap_LPAREN_e_RPAREN_,0,0.1865749277
EX_23camp_LPAREN_e_RPAREN_,0,0
EX_23ccmp_LPAREN_e_RPAREN_,0,0
EX_23cgmp_LPAREN_e_RPAREN_,0,3.00214076533883E-14
EX_23cump_LPAREN_e_RPAREN_,0,0
EX_23dappa_LPAREN_e_RPAREN_,0,0
EX_26dap_DASH_M_LPAREN_e_RPAREN_,0,0
EX_2ddglcn_LPAREN_e_RPAREN_,0,0
EX_34dhpac_LPAREN_e_RPAREN_,0,0
EX_3amp_LPAREN_e_RPAREN_,0,0
EX_3cmp_LPAREN_e_RPAREN_,0,0
EX_3gmp_LPAREN_e_RPAREN_,0,5.68434188608079E-14
EX_3hcinnm_LPAREN_e_RPAREN_,0,0
EX_3hpp_LPAREN_e_RPAREN_,0,0.2951618703
EX_3hpppn_LPAREN_e_RPAREN_,0,0
EX_3ump_LPAREN_e_RPAREN_,0,0
EX_4abut_LPAREN_e_RPAREN_,0,0.2178542628
EX_4hoxpacd_LPAREN_e_RPAREN_,0,0
EX_5dglcn_LPAREN_e_RPAREN_,0,0.23
EX_5mtr_LPAREN_e_RPAREN_,0,0.0478513872
EX_LalaDglu_LPAREN_e_RPAREN_,0,0
EX_LalaDgluMdap_LPAREN_e_RPAREN_,0,0.0630196756
EX_LalaDgluMdapDala_LPAREN_e_RPAREN_,0,0.0582685479
EX_LalaLglu_LPAREN_e_RPAREN_,0,0
EX_ac_LPAREN_e_RPAREN_,-1.35E-15,3.12E-11
EX_acac_LPAREN_e_RPAREN_,0,0
EX_acald_LPAREN_e_RPAREN_,0,0.5491602163
EX_acgal_LPAREN_e_RPAREN_,0,0
EX_acgal1p_LPAREN_e_RPAREN_,0,0
EX_acgam_LPAREN_e_RPAREN_,0,2.52435489670723E-28
EX_acgam1p_LPAREN_e_RPAREN_,0,0
EX_acmana_LPAREN_e_RPAREN_,0,0
EX_acmum_LPAREN_e_RPAREN_,0,-4.00593428432545E-30
EX_acnam_LPAREN_e_RPAREN_,0,0
EX_acolipa_LPAREN_e_RPAREN_,0,0.00485
EX_acser_LPAREN_e_RPAREN_,0,0.2822844264
EX_ade_LPAREN_e_RPAREN_,0,0.1865530755
EX_adn_LPAREN_e_RPAREN_,0,0.0608574333
EX_adocbl_LPAREN_e_RPAREN_,0,0
EX_ag_LPAREN_e_RPAREN_,0,0
EX_agm_LPAREN_e_RPAREN_,0,0.0957027744
EX_akg_LPAREN_e_RPAREN_,0,0.2178542628
EX_ala_DASH_B_LPAREN_e_RPAREN_,0,0
EX_ala_DASH_D_LPAREN_e_RPAREN_,0,0.1691285516
EX_ala_DASH_L_LPAREN_e_RPAREN_,0,0.46
EX_alaala_LPAREN_e_RPAREN_,0,0.0845642758
EX_all_DASH_D_LPAREN_e_RPAREN_,0,0
EX_alltn_LPAREN_e_RPAREN_,0,0.2989226201
EX_amp_LPAREN_e_RPAREN_,0,-3.52147508090659E-27
EX_anhgm_LPAREN_e_RPAREN_,0,0.0646726494
EX_arab_DASH_L_LPAREN_e_RPAREN_,0,0
EX_arbt_LPAREN_e_RPAREN_,0,0
EX_arbtn_LPAREN_e_RPAREN_,0,0
EX_arbtn_DASH_fe3_LPAREN_e_RPAREN_,0,0
EX_arg_DASH_L_LPAREN_e_RPAREN_,0,0.0957027744
EX_ascb_DASH_L_LPAREN_e_RPAREN_,0,0
EX_asn_DASH_L_LPAREN_e_RPAREN_,0,0.4182179432
EX_aso3_LPAREN_e_RPAREN_,0,0
EX_asp_DASH_L_LPAREN_e_RPAREN_,0,0.4373863298
EX_btn_LPAREN_e_RPAREN_,0,-8.97548407718147E-29
EX_but_LPAREN_e_RPAREN_,0,-4.16518557956683E-28
EX_butso3_LPAREN_e_RPAREN_,0,-3.02922587604861E-28
EX_ca2_LPAREN_e_RPAREN_,-0.0001046794,0
EX_cbi_LPAREN_e_RPAREN_,0,0
EX_cbl1_LPAREN_e_RPAREN_,-4.66614750997728E-06,0
EX_cd2_LPAREN_e_RPAREN_,0,0
EX_cgly_LPAREN_e_RPAREN_,0,0.0957027744
EX_chol_LPAREN_e_RPAREN_,0,0
EX_chtbs_LPAREN_e_RPAREN_,0,6.05845175209737E-28
EX_cit_LPAREN_e_RPAREN_,0,0.2763326747
EX_cl_LPAREN_e_RPAREN_,-0.0001046794,0
EX_cm_LPAREN_e_RPAREN_,0,0
EX_cmp_LPAREN_e_RPAREN_,0,-2.10362908058939E-29
EX_co2_LPAREN_e_RPAREN_,-0.8513398955,1.38
EX_cobalt2_LPAREN_e_RPAREN_,-5.02782929426011E-07,0
EX_colipa_LPAREN_e_RPAREN_,0,0.00485
EX_colipap_LPAREN_e_RPAREN_,0,0.0032333333
EX_cpgn_LPAREN_e_RPAREN_,0,0
EX_cpgn_DASH_un_LPAREN_e_RPAREN_,0,0
EX_crn_LPAREN_e_RPAREN_,0,0
EX_crn_DASH_D_LPAREN_e_RPAREN_,0,0
EX_csn_LPAREN_e_RPAREN_,0,0
EX_cu_LPAREN_e_RPAREN_,0,0
EX_cu2_LPAREN_e_RPAREN_,-1.42589238786888E-05,0
EX_cyan_LPAREN_e_RPAREN_,0,0
EX_cynt_LPAREN_e_RPAREN_,0,0
EX_cys_DASH_D_LPAREN_e_RPAREN_,0,0
EX_cys_DASH_L_LPAREN_e_RPAREN_,0,0.0957027744
EX_cytd_LPAREN_e_RPAREN_,0,0.0608574333
EX_dad_DASH_2_LPAREN_e_RPAREN_,0,0
EX_damp_LPAREN_e_RPAREN_,0,0
EX_dca_LPAREN_e_RPAREN_,0,0
EX_dcmp_LPAREN_e_RPAREN_,0,0
EX_dcyt_LPAREN_e_RPAREN_,0,3.15544362088406E-30
EX_ddca_LPAREN_e_RPAREN_,0,0
EX_dgmp_LPAREN_e_RPAREN_,0,0
EX_dgsn_LPAREN_e_RPAREN_,0,0
EX_dha_LPAREN_e_RPAREN_,0,0.23
EX_dimp_LPAREN_e_RPAREN_,0,-5.17492753824983E-28
EX_din_LPAREN_e_RPAREN_,0,-6.28396438103434E-20
EX_dms_LPAREN_e_RPAREN_,0,0
EX_dmso_LPAREN_e_RPAREN_,0,0
EX_dopa_LPAREN_e_RPAREN_,0,0
EX_doxrbcn_LPAREN_e_RPAREN_,0,0
EX_dtmp_LPAREN_e_RPAREN_,0,0
EX_dump_LPAREN_e_RPAREN_,0,0
EX_duri_LPAREN_e_RPAREN_,0,0
EX_eca4colipa_LPAREN_e_RPAREN_,0,0.0043619729
EX_enlipa_LPAREN_e_RPAREN_,0,0.0064666667
EX_enter_LPAREN_e_RPAREN_,0,0.0238289959
EX_etha_LPAREN_e_RPAREN_,0,0.3110260872
EX_ethso3_LPAREN_e_RPAREN_,0,0
EX_etoh_LPAREN_e_RPAREN_,0,0.46
EX_f6p_LPAREN_e_RPAREN_,0,2.36658271566294E-28
EX_fald_LPAREN_e_RPAREN_,0,-2.4889558327299E-28
EX_fe2_LPAREN_e_RPAREN_,-1000,1.9096037879
EX_fe3_LPAREN_e_RPAREN_,-1.9096037879,1000
EX_fe3dcit_LPAREN_e_RPAREN_,0,0
EX_fe3dhbzs_LPAREN_e_RPAREN_,0,0
EX_fe3hox_LPAREN_e_RPAREN_,0,0
EX_fe3hox_DASH_un_LPAREN_e_RPAREN_,0,0
EX_fecrm_LPAREN_e_RPAREN_,0,0
EX_fecrm_DASH_un_LPAREN_e_RPAREN_,0,0
EX_feenter_LPAREN_e_RPAREN_,0,0.0238289959
EX_feoxam_LPAREN_e_RPAREN_,0,0
EX_feoxam_DASH_un_LPAREN_e_RPAREN_,0,0
EX_for_LPAREN_e_RPAREN_,0,2.2311938955
EX_fru_LPAREN_e_RPAREN_,0,0
EX_frulys_LPAREN_e_RPAREN_,0,0
EX_fruur_LPAREN_e_RPAREN_,0,0
EX_fuc_DASH_L_LPAREN_e_RPAREN_,0,0
EX_fum_LPAREN_e_RPAREN_,0,0
EX_fusa_LPAREN_e_RPAREN_,0,0
EX_g1p_LPAREN_e_RPAREN_,0,0
EX_g3pc_LPAREN_e_RPAREN_,0,0
EX_g3pe_LPAREN_e_RPAREN_,0,0.0194
EX_g3pg_LPAREN_e_RPAREN_,0,0.0194
EX_g3pi_LPAREN_e_RPAREN_,0,-2.49730791601297E-18
EX_g3ps_LPAREN_e_RPAREN_,0,-3.07303607492808E-33
EX_g6p_LPAREN_e_RPAREN_,0,0
EX_gal_LPAREN_e_RPAREN_,0,0
EX_gal_DASH_bD_LPAREN_e_RPAREN_,0,0
EX_gal1p_LPAREN_e_RPAREN_,0,0
EX_galct_DASH_D_LPAREN_e_RPAREN_,0,0
EX_galctn_DASH_D_LPAREN_e_RPAREN_,0,0
EX_galctn_DASH_L_LPAREN_e_RPAREN_,0,0
EX_galt_LPAREN_e_RPAREN_,0,0
EX_galur_LPAREN_e_RPAREN_,0,0
EX_gam_LPAREN_e_RPAREN_,0,0
EX_gam6p_LPAREN_e_RPAREN_,0,0
EX_gbbtn_LPAREN_e_RPAREN_,0,0
EX_gdp_LPAREN_e_RPAREN_,0,0
EX_glc_LPAREN_e_RPAREN_,-0.23,-0.23
EX_glcn_LPAREN_e_RPAREN_,0,0.23
EX_glcr_LPAREN_e_RPAREN_,0,-2.07801036210475E-28
EX_glcur_LPAREN_e_RPAREN_,0,2.51580890356735E-28
EX_glcur1p_LPAREN_e_RPAREN_,0,2.99767143983984E-28
EX_gln_DASH_L_LPAREN_e_RPAREN_,0,0
EX_glu_DASH_L_LPAREN_e_RPAREN_,0,0.2178542628
EX_gly_LPAREN_e_RPAREN_,0,0.6231473239
EX_glyald_LPAREN_e_RPAREN_,0,0.23
EX_glyb_LPAREN_e_RPAREN_,0,0
EX_glyc_LPAREN_e_RPAREN_,0,0.23
EX_glyc_DASH_R_LPAREN_e_RPAREN_,0,0.2019869994
EX_glyc2p_LPAREN_e_RPAREN_,0,0
EX_glyc3p_LPAREN_e_RPAREN_,0,0.0194
EX_glyclt_LPAREN_e_RPAREN_,0,0.3949682089
EX_gmp_LPAREN_e_RPAREN_,0,0
EX_gsn_LPAREN_e_RPAREN_,0,-1.26217744835362E-29
EX_gthox_LPAREN_e_RPAREN_,0,0
EX_gthrd_LPAREN_e_RPAREN_,0,0.0957027744
EX_gtp_LPAREN_e_RPAREN_,0,0
EX_gua_LPAREN_e_RPAREN_,0,0.2344522774
EX_h_LPAREN_e_RPAREN_,-1000,2.3724316481
EX_h2_LPAREN_e_RPAREN_,0,0
EX_h2o_LPAREN_e_RPAREN_,-0.8511938955,502.552261387
EX_h2o2_LPAREN_e_RPAREN_,0,0
EX_h2s_LPAREN_e_RPAREN_,0,0.46072644
EX_hacolipa_LPAREN_e_RPAREN_,0,4.41762106923765E-29
EX_halipa_LPAREN_e_RPAREN_,0,3.23117426778526E-27
EX_hdca_LPAREN_e_RPAREN_,0,2.96918204308996E-28
EX_hdcea_LPAREN_e_RPAREN_,0,0
EX_hg2_LPAREN_e_RPAREN_,0,0
EX_his_DASH_L_LPAREN_e_RPAREN_,0,0.0608574333
EX_hom_DASH_L_LPAREN_e_RPAREN_,0,0.311135597
EX_hxa_LPAREN_e_RPAREN_,0,0.1725
EX_hxan_LPAREN_e_RPAREN_,0,0.2480437138
EX_idon_DASH_L_LPAREN_e_RPAREN_,0,0.23
EX_ile_DASH_L_LPAREN_e_RPAREN_,0,0.1759568424
EX_imp_LPAREN_e_RPAREN_,0,8.81791348131071E-33
EX_indole_LPAREN_e_RPAREN_,0,0.0357434938
EX_inost_LPAREN_e_RPAREN_,0,-1.68290326447149E-29
EX_ins_LPAREN_e_RPAREN_,0,0.0608574333
EX_isetac_LPAREN_e_RPAREN_,0,0
EX_k_LPAREN_e_RPAREN_,-0.0039255883,0
EX_kdo2lipid4_LPAREN_e_RPAREN_,0,0.0097
EX_lac_DASH_D_LPAREN_e_RPAREN_,0,0.46
EX_lac_DASH_L_LPAREN_e_RPAREN_,0,0.3916574062
EX_lcts_LPAREN_e_RPAREN_,0,0
EX_leu_DASH_L_LPAREN_e_RPAREN_,0,0.1778805494
EX_lipa_LPAREN_e_RPAREN_,0,0.0096854098
EX_lipa_cold_LPAREN_e_RPAREN_,0,0.0093306468
EX_lipoate_LPAREN_e_RPAREN_,-6.18115194724424E-08,0
EX_lys_DASH_L_LPAREN_e_RPAREN_,0,0.1865749277
EX_lyx_DASH_L_LPAREN_e_RPAREN_,0,0
EX_mal_DASH_D_LPAREN_e_RPAREN_,0,0
EX_mal_DASH_L_LPAREN_e_RPAREN_,0,0.4298536805
EX_malt_LPAREN_e_RPAREN_,0,0
EX_malthx_LPAREN_e_RPAREN_,0,0
EX_maltpt_LPAREN_e_RPAREN_,0,0
EX_malttr_LPAREN_e_RPAREN_,0,0
EX_maltttr_LPAREN_e_RPAREN_,0,0
EX_man_LPAREN_e_RPAREN_,0,0
EX_man6p_LPAREN_e_RPAREN_,0,0
EX_manglyc_LPAREN_e_RPAREN_,0,0
EX_melib_LPAREN_e_RPAREN_,0,0
EX_meoh_LPAREN_e_RPAREN_,0,7.37249993232344E-09
EX_met_DASH_D_LPAREN_e_RPAREN_,0,0
EX_met_DASH_L_LPAREN_e_RPAREN_,0,0
EX_metsox_DASH_R_DASH_L_LPAREN_e_RPAREN_,0,0
EX_metsox_DASH_S_DASH_L_LPAREN_e_RPAREN_,0,0
EX_mg2_LPAREN_e_RPAREN_,-0.0001744657,0
EX_mincyc_LPAREN_e_RPAREN_,0,0
EX_minohp_LPAREN_e_RPAREN_,0,0
EX_mmet_LPAREN_e_RPAREN_,0,0
EX_mn2_LPAREN_e_RPAREN_,-1.3896920169019E-05,0
EX_mnl_LPAREN_e_RPAREN_,0,0
EX_mobd_LPAREN_e_RPAREN_,-2.86664667694608E-06,0
EX_mso3_LPAREN_e_RPAREN_,0,0
EX_n2o_LPAREN_e_RPAREN_,0,0
EX_na1_LPAREN_e_RPAREN_,0,0
EX_nac_LPAREN_e_RPAREN_,0,0
EX_nh4_LPAREN_e_RPAREN_,-1.2116531922,-2.92255959710551E-14
EX_ni2_LPAREN_e_RPAREN_,-0.000006496,0
EX_nmn_LPAREN_e_RPAREN_,0,0
EX_no_LPAREN_e_RPAREN_,0,0
EX_no2_LPAREN_e_RPAREN_,0,0
EX_no3_LPAREN_e_RPAREN_,0,0
EX_novbcn_LPAREN_e_RPAREN_,0,0
EX_o16a4colipa_LPAREN_e_RPAREN_,0,0
EX_o2_LPAREN_e_RPAREN_,-251.38,3.4226487642264E-13
EX_o2s_LPAREN_e_RPAREN_,0,0
EX_ocdca_LPAREN_e_RPAREN_,0,0
EX_ocdcea_LPAREN_e_RPAREN_,0,0
EX_octa_LPAREN_e_RPAREN_,0,0
EX_orn_LPAREN_e_RPAREN_,0,0.0957027744
EX_orot_LPAREN_e_RPAREN_,0,0
EX_pacald_LPAREN_e_RPAREN_,0,0
EX_peamn_LPAREN_e_RPAREN_,0,0
EX_phe_DASH_L_LPAREN_e_RPAREN_,0,0.0714869876
EX_pheme_LPAREN_e_RPAREN_,0,0.0272317829
EX_pi_LPAREN_e_RPAREN_,-0.0194,-5.05964966826124E-13
EX_pnto_DASH_R_LPAREN_e_RPAREN_,0,0
EX_ppa_LPAREN_e_RPAREN_,0,0
EX_ppal_LPAREN_e_RPAREN_,0,0
EX_pppn_LPAREN_e_RPAREN_,0,0
EX_ppt_LPAREN_e_RPAREN_,0,0
EX_pro_DASH_L_LPAREN_e_RPAREN_,0,0.2178542628
EX_progly_LPAREN_e_RPAREN_,0,0
EX_psclys_LPAREN_e_RPAREN_,0,0
EX_pser_DASH_L_LPAREN_e_RPAREN_,0,0
EX_ptrc_LPAREN_e_RPAREN_,0,0.0957027744
EX_pydam_LPAREN_e_RPAREN_,0,0
EX_pydx_LPAREN_e_RPAREN_,0,0
EX_pydxn_LPAREN_e_RPAREN_,0,0
EX_pyr_LPAREN_e_RPAREN_,0,0.5413658213
EX_quin_LPAREN_e_RPAREN_,0,0.0714869876
EX_r5p_LPAREN_e_RPAREN_,0,0
EX_rfamp_LPAREN_e_RPAREN_,0,0
EX_rib_DASH_D_LPAREN_e_RPAREN_,0,0
EX_rmn_LPAREN_e_RPAREN_,0,0
EX_sbt_DASH_D_LPAREN_e_RPAREN_,0,0
EX_sel_LPAREN_e_RPAREN_,0,0
EX_ser_DASH_D_LPAREN_e_RPAREN_,0,0
EX_ser_DASH_L_LPAREN_e_RPAREN_,0,0.4847798262
EX_skm_LPAREN_e_RPAREN_,0,0
EX_slnt_LPAREN_e_RPAREN_,0,0
EX_so2_LPAREN_e_RPAREN_,0,0
EX_so3_LPAREN_e_RPAREN_,0,0
EX_so4_LPAREN_e_RPAREN_,-0.46072644,0
EX_spmd_LPAREN_e_RPAREN_,0,0.0478513872
EX_succ_LPAREN_e_RPAREN_,0,0.3938220355
EX_sucr_LPAREN_e_RPAREN_,0,0
EX_sulfac_LPAREN_e_RPAREN_,0,-6.46234853557053E-28
EX_tartr_DASH_D_LPAREN_e_RPAREN_,0,0
EX_tartr_DASH_L_LPAREN_e_RPAREN_,0,0
EX_taur_LPAREN_e_RPAREN_,0,0
EX_tcynt_LPAREN_e_RPAREN_,0,0
EX_thm_LPAREN_e_RPAREN_,0,8.75109697525181E-28
EX_thr_DASH_L_LPAREN_e_RPAREN_,0,0.3028972437
EX_thrp_LPAREN_e_RPAREN_,0,0
EX_thym_LPAREN_e_RPAREN_,0,0.2626276679
EX_thymd_LPAREN_e_RPAREN_,0,0.0608574333
EX_tma_LPAREN_e_RPAREN_,0,0
EX_tmao_LPAREN_e_RPAREN_,0,0
EX_tre_LPAREN_e_RPAREN_,0,0
EX_trp_DASH_L_LPAREN_e_RPAREN_,0,0.0357434938
EX_tsul_LPAREN_e_RPAREN_,0,0
EX_ttdca_LPAREN_e_RPAREN_,0,0
EX_ttdcea_LPAREN_e_RPAREN_,0,0
EX_ttrcyc_LPAREN_e_RPAREN_,0,0
EX_tungs_LPAREN_e_RPAREN_,0,0
EX_tym_LPAREN_e_RPAREN_,0,0
EX_tyr_DASH_L_LPAREN_e_RPAREN_,0,0.0714869876
EX_tyrp_LPAREN_e_RPAREN_,0,0
EX_uacgam_LPAREN_e_RPAREN_,0,0
EX_udpacgal_LPAREN_e_RPAREN_,0,0
EX_udpg_LPAREN_e_RPAREN_,0,0
EX_udpgal_LPAREN_e_RPAREN_,0,0
EX_udpglcur_LPAREN_e_RPAREN_,0,0
EX_ump_LPAREN_e_RPAREN_,0,0
EX_ura_LPAREN_e_RPAREN_,0,0.4182179432
EX_urea_LPAREN_e_RPAREN_,0,0.0957027744
EX_uri_LPAREN_e_RPAREN_,0,0.0608574333
EX_val_DASH_L_LPAREN_e_RPAREN_,0,0.23
EX_xan_LPAREN_e_RPAREN_,0,0.2674221289
EX_xmp_LPAREN_e_RPAREN_,0,0
EX_xtsn_LPAREN_e_RPAREN_,0,0.0608574333
EX_xyl_DASH_D_LPAREN_e_RPAREN_,0,0
EX_xylu_DASH_L_LPAREN_e_RPAREN_,0,0
EX_zn2_LPAREN_e_RPAREN_,-0.000006858,0
12DGR120tipp,0,1.1213614463
12DGR140tipp,0,1.1213614463
12DGR141tipp,0,1.1213614463
12DGR160tipp,0,1.1213614463
12DGR161tipp,0,1.1213614463
12DGR180tipp,0,1.1213614463
12DGR181tipp,0,1.1213614463
12PPDRtex,-0.3301117037,0
12PPDRtpp,-0.3301117037,0
12PPDStex,-0.326379244,0
12PPDStpp,-0.326379244,0
14GLUCANabcpp,0,0
14GLUCANtexi,0,0
23CAMPtex,1.88534784331557E-14,0
23CCMPtex,0,0
23CGMPtex,0,0
23CUMPtex,0,0
23DAPPAt2pp,0,-2.3500082088617E-17
23DAPPAtex,0,-2.3500082088617E-17
23PDE2pp,0,0
23PDE4pp,0,0
23PDE7pp,0,0
23PDE9pp,-3.57616943700192E-29,0
26DAHtex,0,0
2AGPA120tipp,0,0.8301770554
2AGPA140tipp,0,0.8301770554
2AGPA141tipp,0,0.8301770554
2AGPA160tipp,0,0.8301770554
2AGPA161tipp,0,0.8301770554
2AGPA180tipp,0,0.8301770554
2AGPA181tipp,0,0.8301770554
2AGPE120tipp,0,1.1165920959
2AGPE140tipp,0,1.1165920959
2AGPE141tipp,0,1.1165920959
2AGPE160tipp,0,1.1165920959
2AGPE161tipp,0,1.1165920959
2AGPE180tipp,0,1.1165920959
2AGPE181tipp,0,1.1165920959
2AGPEAT120,0,1.1165920959
2AGPEAT140,0,1.1165920959
2AGPEAT141,0,1.1165920959
2AGPEAT160,0,1.1165920959
2AGPEAT161,0,1.1165920959
2AGPEAT180,0,1.1165920959
2AGPEAT181,0,1.1165920959
2AGPG120tipp,0,1.1165920959
2AGPG140tipp,0,1.1165920959
2AGPG141tipp,0,1.1165920959
2AGPG160tipp,0,1.1165920959
2AGPG161tipp,0,1.1165920959
2AGPG180tipp,0,1.1165920959
2AGPG181tipp,0,1.1165920959
2AGPGAT120,0,1.1165920959
2AGPGAT140,0,1.1165920959
2AGPGAT141,0,1.1165920959
2AGPGAT160,0,1.1165920959
2AGPGAT161,0,1.1165920959
2AGPGAT180,0,1.1165920959
2AGPGAT181,0,1.1165920959
2DGULRGx,0,0
2DGULRGy,0,0
2DGULRx,0,0
2DGULRy,0,0
2MAHMP,0,3.3497762878
34dhpactex,0,0
3AMACHYD,0,0.2951618703
3AMPtex,-5.14104991899073E-14,0
3CMPtex,-1.35599800884532E-14,0
3GMPtex,1.13578853545755E-13,0
3HAD100,0,0.4179111725
3HAD120,0,0.6471832255
3HAD121,1.99018663385642E-14,0.3688982239
3HAD140,0,0.6471832255
3HAD141,0,0.3688982239
3HAD160,1.02060737664297E-14,0.6471832255
3HAD161,0,0.6471832255
3HAD180,0,0.6471832255
3HAD181,0,0.6471832255
3HAD40,0,0.2026449742
3HAD60,0,0.2026449742
3HAD80,0,0.2026449742
3HCINNMH,0,0
3HPPPNH,0,0
3HPPtex,-0.2951618703,0
3HPPtpp,0,0.2951618703
3KGK,0,0
3NTD2pp,0,0
3NTD4pp,0,0
3NTD7pp,0,0
3NTD9pp,0,0
3OAR100,0,0.4179111725
3OAR120,0,0.6471832255
3OAR121,0,0.3688982239
3OAR140,0,0.6471832255
3OAR141,0,0.3688982239
3OAR160,0,0.6471832272
3OAR161,0,0.6471832271
3OAR180,0,0.6471832271
3OAR181,0,0.6471832271
3OAR40,0,0.2026449742
3OAR60,-5.59974916538278E-29,0.2026449742
3OAR80,-5.59974916538278E-29,0.2026449742
3OAS100,0,0.4179111725
3OAS120,0,0.6471832255
3OAS121,-3.30499695263408E-29,0.3688982239
3OAS140,0,0.6471832255
3OAS141,6.71307758646432E-30,0.368898224
3OAS160,0,0.6471832272
3OAS161,-3.94430452610506E-31,0.6471832256
3OAS180,3.15544362088405E-30,0.6471832255
3OAS181,0,0.6471832255
3OAS60,0,0.2026449742
3OAS80,0,0.2026449742
3OXCOAT,0,0
3PEPTabcpp,0,0.1065599509
3PEPTtex,-0.0630196756,0
3UMPtex,0,0
42A12BOOXpp,0,0
4HOXPACDtex,0,0
4HTHRS,0,0
4PCP,0,0.1068051694
4PCPpp,0,0.105943565
4PEPTabcpp,0,0.1062519741
4PEPTtex,-0.0582685479,0
5DGLCNR,-0.23,0
5DGLCNt2rpp,-0.23,0
5DGLCNtex,-0.23,0
5DOAN,0,0.0510442645
5MTRtex,-0.0478513872,0
5MTRtpp,0,0.0478513872
A5PISO,0,0.0194
AACPS1,0,3.3497763078
AACPS2,0,3.3497763078
AACPS3,0,3.3497763078
AACPS4,0,3.3497763078
AACPS5,0,3.3497763078
AACPS6,0,3.3497763078
AACPS7,0,3.3497763078
AACPS8,-1.26217744835362E-29,3.3497763078
AACPS9,0,3.3497763078
AACTOOR,0,0.7200660732
AADDGT,-1.57772181044202E-30,0.0174478916
AAMYL,0,0
AAMYLpp,0,0
AB6PGH,0,0
ABTA,0,0.2178542628
ABUTD,0,0.0957027744
ABUTt2pp,0,1000
ABUTtex,-0.2178542628,0
ACACCT,0,1.00974195868289E-28
ACACT1r,-0.2026449734,0.1725
ACACT2r,-0.2026449734,0.1725
ACACT3r,-0.2026449734,0.0581124586
ACACT4r,-0.4179111706,0.0581124586
ACACT5r,-0.6471832241,0.0581124586
ACACT6r,-0.6471832225,0.0186612936
ACACT7r,-0.6471832241,0.0093306468
ACACT8r,-0.0010174713,0.6471832271
ACACt2pp,0,0
ACACtex,0,0
ACALD,-0.6438490581,8.5526455921
ACALDtex,-0.5491602163,0
ACALDtpp,-0.5491602163,0
ACANTHAT,0,0
ACBIPGT,0,0
ACCOAC,0,3.3497763078
ACCOAL,-8.27180612553028E-25,1000
ACGAL1PPpp,0,0
ACGAL1Ptex,0,0
ACGALtex,0,0
ACGAM1PPpp,0,0
ACGAM1Ptex,0,0
ACGAMK,0,0.0478513872
ACGAMT,-7.01837975238261E-25,0.0174478916
ACGAptspp,0,0
ACGAtex,0,0
ACGK,0,0.0957027744
ACGS,0,0.0957027744
ACHBS,0,0.1759568427
ACKr,-0.0702811486,4.27061589169374E-16
ACLS,-3.28167459980891E-17,0.23
ACM6PH,7.31741009502097E-14,0.0478513872
ACMAMUT,0,0.0174478916
ACMANAptspp,0,0
ACMANAtex,0,0
ACMUMptspp,0,0
ACMUMtex,0,0
ACNAMt2pp,0,0
ACNAMtex,0,0
ACNML,0,0
ACOAD1f,-0.1725,0.2026449742
ACOAD2f,-0.1725,0.2026449742
ACOAD3f,-0.0581124585,0.2026449742
ACOAD4f,-0.0581124585,0.4179111725
ACOAD5f,-0.0581124585,0.6471832255
ACOAD6f,-0.0186612936,0.6471832255
ACOAD7f,-0.0035556463,0.6471832255
ACOAD8f,-3.34477175273696E-19,0.6471832271
ACOATA,-3.3497762878,0.2026449742
ACODA,0,0.0957027744
ACOLIPAabctex,-6.93775657658303E-30,0.00485
ACONIs,0,0
ACONMT,0,0
ACONTa,1.02790345243072E-12,0.3020982388
ACONTb,-8.4808666393846E-16,0.3020982388
ACOTA,-0.0957027744,2.58143367841879E-13
ACPPAT120,0,3.3497763078
ACPPAT140,0,3.3497763078
ACPPAT141,0,3.3497763078
ACPPAT160,0,3.3497763078
ACPPAT161,0,3.3497763078
ACPPAT180,0,3.3497763078
ACPPAT181,0,3.3497763078
ACPS1,0,0
ACS,-1.97876479713106E-12,0.0957027744
ACSERtex,-0.2822844264,0
ACSERtpp,0,0.2822844272
ACt2rpp,-3.12E-11,1.34999999999736E-15
ACt4pp,0,3.120135E-11
ACtex,-3.12E-11,1.35E-15
ADA,0,0.5755059102
ADCL,0,1.86645902530472E-05
ADCS,0,1.86645902530472E-05
ADD,0,0.5755059102
ADEt2rpp,-0.1865530755,0
ADEtex,-0.1865530755,0
ADK1,-8.22985771937749E-06,0.0955831737
ADK3,-1000,3.4221148169
ADK4,-3.3497762878,0
ADMDC,0,0.0478513872
ADNCYC,-1.87E-32,0.0088019316
ADNK1,0,3.3497763078
ADNUC,0,3.3497763078
ADNt2pp,0,1000
ADNt2rpp,-1000,0
ADNtex,-0.0608574333,0
ADOCBIK,0,0
ADOCBLS,0,0
ADOCBLabcpp,0,0
ADOCBLtonex,0,0
ADPRDP,0,0.837444077
ADPT,0,3.3497763078
ADSK,0,0.4607264417
ADSL1r,0,0.5755059102
ADSL2r,5.8411922329834E-17,0.343546031
ADSS,0,0.5755059102
AGDC,0,0.0957027744
AGM3PA,0,0.0478513872
AGM3PApp,0,0.1065599509
AGM3PH,0,0.0478513872
AGM3Pt2pp,0,0.0478513872
AGM4PA,0,0.0478513872
AGM4PApp,0,0.1062519741
AGM4PCP,0,0.0478513872
AGM4PCPpp,0,0.1064973735
AGM4PH,0,0.0478513872
AGM4Pt2pp,0,0.0478513872
AGMH,0,0.0478513872
AGMHE,0,0.0194
AGMT,0,0.0957027744
AGMt2pp,0,0.0478513872
AGMtex,-0.0957027744,0
AGPAT120,0,0.8301770604
AGPAT140,7.00649232162409E-46,0.8301770604
AGPAT141,4.4702117962524E-30,0.8301770604
AGPAT160,0,0.8301770604
AGPAT161,1.9462478671178E-47,0.8301770604
AGPAT180,0,0.8301770604
AGPAT181,2.7015417509339E-45,0.8301770604
AGPR,-0.0957027744,0
AGt3,0,0
AHCYSNS,2.03232486378657E-17,0.0608574333
AICART,-5.5511151231254E-17,0.3435844697
AIRC2,-5.5511151231254E-17,0.343546031
AIRC3,-0.3435460296,0
AKGDH,-1.06E-12,0.2160644933
AKGt2rpp,-0.2178542628,0
AKGtex,-0.2178542628,0
ALAALAD,0,3.3497763078
ALAALAabcpp,0,0.1071147496
ALAALAr,-1.79972742491034E-29,3.3497763078
ALAALAtex,-0.0845642758,0
ALAGLUE,0,0.1046291986
ALAR,-2.53055226606209E-17,2.2550375793
ALATA_D2,0,2.2550375793
ALATA_L,-1000,1000
ALATA_L2,0,2.2550375793
ALATRS,0,0
ALAabcpp,0,3.3497763078
ALAt2pp,0,1000
ALAt2rpp,-1000,0
ALAt4pp,0,1000
ALAtex,-0.46,0
ALCD19,-0.23,0
ALCD2x,-0.46,0
ALDD19xr,0,0
ALDD2x,0,0.0957027744
ALDD2y,0,0.0957027744
ALDD3y,0,0
ALDD4,0,0
ALLK,0,0
ALLPI,0,0
ALLTAMH,-8.90766171531111E-14,0.343546031
ALLTN,-8.90766171531111E-14,0.343546031
ALLTNt2rpp,-0.2989226201,0
ALLTNtex,-0.2989226201,0
ALLULPE,0,0
ALLabcpp,0,0
ALLtex,0,0
ALPATE160pp,0,0
ALPATG160pp,0,0
ALR2,0,0.3263792451
ALR4x,0,0.3263792451
ALTRH,0,0
AM3PA,0,0.0478513872
AM4PA,0,0.0478513872
AM4PCP,0,0.0478513872
AMALT1,0,0
AMALT2,0,0
AMALT3,0,0
AMALT4,0,0
AMANAPEr,0,0
AMANK,0,0
AMAOTr,1.38282253475337E-14,3.53115456479248E-08
AMMQLT8,0,4.66614614740795E-06
AMPMS2,-1.74171093669141E-15,4.66614614740795E-06
AMPN,0,3.3497763079
AMPTASECG,0,0.8301770604
AMPTASEPG,0,6.75985002001166E-14
AMPtex,0,0
ANHGMtex,-0.0646726494,1.61131563338992E-13
ANHMK,0,0.0478513872
ANPRT,0,0.0357434938
ANS,0,0.0357434938
AOBUTDs,0,0.7200660732
AOXSr2,0,7.6484547747504E-10
AP4AH,0,3.3497763078
AP4AS,0,3.3497763078
AP5AH,0,0
APCS,0,0
APG3PAT120,0,0.8301770604
APG3PAT140,0,0.8301770604
APG3PAT141,0,0.8301770604
APG3PAT160,0,0.8301770604
APG3PAT161,0,0.8301770604
APG3PAT180,0,0.8301770604
APG3PAT181,0,0.8301770604
APH120,0,3.3497763078
APH140,0,3.3497763078
APH141,0,3.3497763078
APH160,0,3.3497763078
APH161,0,3.3497763078
APH180,0,3.3497763078
APH181,0,3.3497763078
APPLDHr,0,0
APRAUR,8.35561470810096E-27,9.3322950214169E-06
ARAI,0,0
ARBTNR1,0,0.7057231425
ARBTNR2,0,0.7057231425
ARBTNR3,0,0.7057231425
ARBTNabcpp,0,1.411446285
ARBTNexs,0,1.411446285
ARBTNtex,0,1.411446285
ARBTNtonex,0,1.411446285
ARBTNtpp,0,1.411446285
ARBTptspp,0,0
ARBTtex,0,0
ARBabcpp,0,3.3497763078
ARBt2rpp,-3.3497762878,7.39086768
ARBt3ipp,0,7.39086768
ARBtex,0,0
ARGAGMt7pp,-0.0957027744,0.0957027744
ARGDC,0,0.0957027744
ARGDCpp,0,0.0957027744
ARGORNt7pp,0,7.3908676801
ARGSL,0,0.0957027744
ARGSS,0,0.0957027744
ARGTRS,0,0
ARGabcpp,0,3.1997476669
ARGt3pp,0,7.39086768
ARGtex,-0.0957027744,0
ASAD,-0.7209691656,0
ASCBPL,0,0
ASCBptspp,0,0
ASCBtex,0,0
ASNN,0,3.3497763078
ASNNpp,0,3.3497763078
ASNS1,0,1.6748881539
ASNS2,0,3.3497763078
ASNTRS,0,0
ASNabcpp,0,3.3497763078
ASNt2rpp,-3.3497762878,0
ASNtex,-0.4182179432,0
ASO3t8pp,0,0
ASO3tex,0,0
ASP1DC,0,1.20524707002105E-05
ASPCT,0,0.4182179446
ASPK,0,0.7209691671
ASPO3,0,4.76867720937519E-05
ASPO4,0,4.76867720937308E-05
ASPO5,0,4.76867720937308E-05
ASPO6,0,4.76867720937308E-05
ASPT,0,0.6576594915
ASPTA,-0.7564115502,-3.84460767133632E-13
ASPTRS,0,0
ASPabcpp,0,3.3497763078
ASPt2_2pp,0,14.78173536
ASPt2_3pp,0,7.39086768
ASPt2pp,0,1000
ASPt2rpp,-1000,3.3497763078
ASPtex,-0.4373863298,0
ASR,0,0
AST,0,0.0957027744
ATHRDHr,-8.6004969693,0
ATPHs,0,0.5755059102
ATPM,-0.0005159992,2.9775857944
ATPPRT,0,0.0608574333
ATPS4rpp,1.88546988594034E-06,2.6752444551
BALAt2pp,0,1.20054654705484E-16
BALAtex,0,1.20054654705484E-16
BETALDHx,0,0
BETALDHy,0,0
BMOCOS,0,2.45358069562519E-06
BMOGDS1,0,2.45358069562519E-06
BMOGDS2,0,2.45358069562519E-06
BPNT,2.3648008690938E-16,0.4607264417
BSORx,0,0
BSORy,0,0
BTNt2ipp,0,0
BTNtex,-7.21244256202068E-30,0
BTS5,0,2.86925383578122E-08
BUTCT,0,0
BUTSO3abcpp,1.51461293802435E-28,0
BUTSO3tex,1.98161859391519E-27,0
BUTt2rpp,8.6537767965626E-26,0
BUTtex,8.6537767965626E-26,0
BWCOGDS1,0,0
BWCOGDS2,0,0
BWCOS,0,0
CA2t3pp,0,1000
CA2tex,0,0.0001046794
CADVtpp,0,0.186574928
CAT,0,0
CAt6pp,-1000,0
CBIAT,0,0
CBItonex,0,0
CBIuabcpp,0,0
CBL1abcpp,0,4.6661475138321E-06
CBL1tonex,0,4.66614751401824E-06
CBLAT,0,4.66614751401824E-06
CBMD,0,0.2951618703
CBMKr,-1.6748881439,0.4685420049
CBPS,0,1.6748881539
CCGS,0,0
CD2abcpp,0,3.3497763078
CD2t3pp,0,14.78173536
CD2tex,0,0
CD2tpp,0,14.78173536
CDAPPA120,0,3.3497763078
CDAPPA140,0,3.3497763078
CDAPPA141,0,3.3497763078
CDAPPA160,0,3.3497763078
CDAPPA161,0,3.3497763078
CDAPPA180,0,3.3497763078
CDAPPA181,0,3.3497763078
CDGR,0,0
CDGS,0,0
CDPMEK,2.77555756156289E-17,0.0001386453
CFAS160E,0,0
CFAS160G,0,0
CFAS180E,0,0
CFAS180G,0,0
CGLYabcpp,0,0.8301770604
CGLYtex,-0.0957027744,0
CHLabcpp,0,0
CHLt2pp,0,0
CHLtex,4.11610090101983E-27,0
CHOLD,0,0
CHORM,0,0.0714869876
CHORS,0,0.0714869876
CHRPL,0,4.66614751092665E-06
CHTBSptspp,2.3301198115995E-27,0
CHTBStex,2.3301198115995E-27,0
CINNDO,0,0
CITL,0,0.0957027744
CITt3pp,0,4.92724512
CITt7pp,0,4.92724512
CITtex,-0.2763326747,0
CLIPAabctex,0,0.0093306468
CLPNH120pp,0,0.6728168718
CLPNH140pp,0,0.6728168718
CLPNH141pp,0,0.6728168718
CLPNH160pp,0,0.6728168718
CLPNH161pp,0,0.6728168718
CLPNH180pp,0,0.6728168718
CLPNH181pp,0,0.6728168718
CLPNS120pp,0,0.6728168718
CLPNS140pp,0,0.6728168718
CLPNS141pp,0,0.6728168718
CLPNS160pp,0,0.6728168718
CLPNS161pp,0,0.6728168718
CLPNS180pp,0,0.6728168718
CLPNS181pp,0,0.6728168718
CLt3_2pp,0,5.23397028473485E-05
CLtex,0,0.0001046794
CMPN,0,1.1165921026
CMPtex,4.03896783473158E-28,0
CMtex,0,14.78173536
CMtpp,0,14.78173536
CO2tex,-1.38,0.8513398975
CO2tpp,-1.38,1.380584
COBALT2abcpp,0,3.3497763078
COBALT2t3pp,0,14.7817353601
COBALT2tex,0,5.02782929512335E-07
COBALT2tpp,0,14.78173536
COLIPAKpp,0,0.0032333333
COLIPAPabctex,0,0.0032333333
COLIPAabcpp,0,0.00485
COLIPAabctex,0,0.00485
CPGNR1,0,0.7057231425
CPGNR2,0,0.7057231425
CPGNR3,0,0.7057231425
CPGNUtex,0,1.411446285
CPGNUtpp,0,1.411446285
CPGNabcpp,0,1.411446285
CPGNexs,0,1.411446285
CPGNtonex,0,1.411446285
CPH4S,0,0
CPMPS,0,5.14740936162525E-06
CPPPGO,0,0.0272317827
CPPPGO2,0,0.0255221322
CRNBTCT,0,0
CRNCAL2,0,0
CRNCAR,0,0
CRNCBCT,0,0
CRNCDH,0,0
CRNDCAL2,0,0
CRNDabcpp,0,3.3497763078
CRNDt2rpp,-3.3497762878,1000
CRNDtex,0,0
CRNabcpp,0,3.3497763078
CRNt2rpp,-1000,0
CRNt7pp,0,0
CRNt8pp,0,1000
CRNtex,-3.5527136788005E-14,0
CS,-2.60371125573822E-12,0.3457864869
CSND,-9.24049101134449E-16,1.1165921026
CSNt2pp,0,0
CSNtex,2.09093318889188E-14,0
CTBTCAL2,0,0
CTBTabcpp,0,3.3497763078
CTBTt2rpp,-3.3497762878,0
CTECOAI6,-0.6471832241,0.3688982239
CTECOAI7,-0.6471832241,0.6471832272
CTECOAI8,-0.0010174712,0.6471832271
CTPS2,3.39547253393704E-16,1.1165921026
CU1Opp,0,0
CU1abcpp,0,0
CU2abcpp,0,3.3497763078
CU2tex,0,1.42589238781854E-05
CU2tpp,0,3.3497763078
CUt3,0,0
CUtex,0,0
CYANST,0,0
CYANSTpp,0,0
CYANtex,0,0
CYNTAH,0,0
CYNTt2pp,0,0
CYNTtex,0,0
CYSDDS,0,0
CYSDS,0,0.0957027744
CYSDabcpp,0,0
CYSDtex,0,0
CYSS,0,0.0957027744
CYSSADS,0,0
CYSTL,2.22292689109135E-13,0.0478513872
CYSTRS,0,0
CYSabc2pp,0,1.6748881539
CYSabcpp,0,3.3497763078
CYStex,-0.0957027744,0
CYStpp,0,3.3497763078
CYTBD2pp,0,2.76
CYTBDpp,0,2.76
CYTBO3_4pp,-6.8452975284528E-13,1.0396269912
CYTD,0,1.1165921026
CYTDH,0,0.837444077
CYTDK2,0,3.3497763078
CYTDt2pp,0,1000
CYTDt2rpp,-1000,0
CYTDtex,-0.0608574333,0
CYTK1,-1.1165920959,3.3497763078
CYTK2,-0.0608574333,3.3497763078
D_DASH_LACt2pp,-0.46,0
D_DASH_LACtex,-0.46,0
DAAD,0,1.2886157289
DADA,0,0.5755059102
DADK,-0.0608574333,3.3497763078
DADNt2pp,0,0
DADNtex,0,0
DAGK120,0,3.3497763078
DAGK140,0,3.3497763078
DAGK141,0,3.3497763078
DAGK160,0,3.3497763078
DAGK161,0,3.3497763078
DAGK180,0,3.3497763078
DAGK181,0,3.3497763078
DALAt2pp,0,0.2129947469
DALAtex,-0.1691285516,0
DAMPtex,-5.04870979341447E-29,0
DAPAL,0,0
DAPDC,0,0.186574928
DAPE,0,0.186574928
DAPabcpp,0,0
DAPtex,-0.1865749277,0
DASYN120,0,3.3497763078
DASYN140,0,3.3497763078
DASYN141,0,3.3497763078
DASYN160,0,3.3497763078
DASYN161,0,3.3497763078
DASYN180,0,3.3497763078
DASYN181,0,3.3497763078
DATPHs,0,0.0608574333
DB4PS,0,1.8664590043536E-05
DBTS,-1.13686837721616E-13,4.18488565998564E-08
DC6PH,0,0
DCAtex,0,0
DCMPtex,0,0
DCTPD,0,0.0608574333
DCYTD,0,0.0608574333
DCYTt2pp,0,0
DCYTtex,0,0
DDCAtexi,0,0
DDGALK,0,0
DDGLCNt2rpp,0,0
DDGLCNtex,0,0
DDGLK,0,0
DDPA,-2.4237170527886E-13,0.0714869876
DDPGALA,0,0
DGK1,-0.0608574333,3.3497763078
DGMPtex,0,0
DGSNt2pp,0,0
DGSNtex,0,0
DHACOAH,0,0
DHAD1,0,0.23
DHAD2,0,0.1759568427
DHAPT,0,0.7200660732
DHAtex,-0.23,0
DHAtpp,-0.23,0
DHBD,0,0.0714869876
DHBS,0,1.6748881539
DHBSH,0,1.6748881539
DHCIND,0,0
DHCINDO,0,0
DHDPRy,3.30049596173373E-13,0.186574928
DHDPS,3.30049596173373E-13,0.186574928
DHFR,-1.83037750899185E-13,0.2626276688
DHFS,7.06934176250214E-16,1.86645900435302E-05
DHMPTR,0,0
DHNAOT4,3.08035552119488E-16,9.33229502176511E-06
DHNCOAS,3.08035552119488E-16,9.33229502176511E-06
DHNCOAT,3.08035552119488E-16,9.33229502176511E-06
DHNPA2r,7.06934176250214E-16,1.86645900435302E-05
DHNPTE,0,0
DHORD2,0,0.4182179446
DHORD5,0,0.4140735988
DHORDfum,0,0.3518917008
DHORTS,-0.4182179432,0
DHPPD,0,0
DHPPDA2,0,9.33229502185938E-06
DHPS2,0,1.86645900437165E-05
DHPTDCs2,-1.52170746767755E-14,0.0608574333
DHPTDNR,0,0
DHPTDNRN,0,0
DHPTPE,0,0
DHQS,-5.52540107620914E-15,0.0714869876
DHQTi,0,0.0714869876
DIMPtex,0,0
DINSt2pp,0,0
DINStex,1.2146425257531E-30,0
DKGLCNR1,0,0
DKGLCNR2x,0,0
DKGLCNR2y,0,0
DMATT,0,1.98154336005075E-05
DMPPS,0,0.0001386453
DMQMT,0,4.6661475109961E-06
DMSOR1,0,0
DMSOR1pp,0,0
DMSOR2,0,0
DMSOR2pp,0,0
DMSOtex,0,0
DMSOtpp,0,0
DMStex,0,0
DNMPPA,0,1.86645900439845E-05
DNTPPA,0,1.86645900439845E-05
DOGULNR,0,0
DOPAtex,0,0
DOXRBCNtex,0,14.7817353601
DOXRBCNtpp,0,14.7817353601
DPCOAK,-8.93558501758513E-14,1.20524707883587E-05
DPR,-8.93558501758513E-14,1.20524707883587E-05
DRPA,0,0.0608574333
DSBAO1,0,0
DSBAO2,0,0
DSBCGT,0,1.66492970376939E-30
DSBDR,0,0
DSBGGT,0,0
DSERDHr,-0.6751452032,0
DSERt2pp,0,0
DSERtex,0,0
DTARTD,0,0
DTMPK,0,3.3497763078
DTMPtex,0,0
DUMPtex,0,0
DURADx,0,0
DURIK1,0,3.3497763078
DURIPP,-0.2626276679,0.0608574333
DURIt2pp,0,0
DURItex,0,0
DUTPDP,0,0.0608574333
DXPRIi,0,0.0001386453
DXPS,0,0.0001479776
DXYLK,0,0
E4PD,0,4.66614751071147E-06
EAR100x,0,0.4179111725
EAR100y,0,0.4009763303
EAR120x,0,0.6471832255
EAR120y,0,0.6148303731
EAR121x,0,0.3688982239
EAR121y,0,0.3547098307
EAR140x,0,0.6471832255
EAR140y,0,0.6148303731
EAR141x,0,0.3688982239
EAR141y,0,0.3547098307
EAR160x,0,0.6471832255
EAR160y,0,0.6148303731
EAR161x,0,0.6471832272
EAR161y,0,0.6148303731
EAR180x,0,0.6471832272
EAR180y,0,0.6148303731
EAR181x,0,0.6471832255
EAR181y,0,0.6148303731
EAR40x,0,0.2026449742
EAR40y,0,0.1989605201
EAR60x,0,0.2026449742
EAR60y,0,0.1989605201
EAR80x,0,0.2026449742
EAR80y,0,0.1989605201
ECA4COLIPAabctex,0,0.0043619729
ECA4OALpp,0,0.0043619729
ECAP1pp,0,0.0043619729
ECAP2pp,0,0.0043619729
ECAP3pp,0,0.0043619729
ECAtpp,0,0.0174478916
ECOAH1,-0.2026449734,0.1725
ECOAH2,-0.2026449734,0.1725
ECOAH3,-0.2026449734,0.0581124586
ECOAH4,-0.4179111706,0.0581124586
ECOAH5,-0.6471832241,0.0581124586
ECOAH6,-0.6471832241,0.0186612936
ECOAH7,-0.6471832241,0.0093306468
ECOAH8,-0.6471832241,0.0010174713
EDA,-2.46950432506885E-23,0.1530294203
EDD,-2.46950432506885E-23,0.1530294203
EDTXS1,0,0.0096854098
EDTXS2,0,0.0096854098
EDTXS3,0,0.0093306468
EDTXS4,0,0.0093306468
EGMEACPR,0,1.27508404596779E-09
ENLIPAabctex,0,0.0064666667
ENO,-5.59682439751757E-19,0.4581898116
ENTCS,0,0.5582960513
ENTERES,0,0.5582960513
ENTERES2,0,0.4551365216
EPMEACPR,0,6.63441143338829E-10
ETHAAL,0,0.4833411131
ETHAt2pp,0,0.4172955356
ETHAtex,-0.3110260872,0
ETHSO3abcpp,6.31088724176809E-29,0
ETHSO3tex,6.31088724176809E-29,0
ETOHtex,-0.46,0
ETOHtrpp,-0.46,0
F6PA,-0.2927694927,0.23
F6PP,0,3.3497763078
F6Pt6_2pp,0,0
F6Ptex,0,0
FA100ACPHi,0,3.3497763078
FA120ACPHi,0,3.3497763078
FA140ACPHi,0,3.3497763078
FA141ACPHi,0,3.3497763078
FA160ACPHi,0,3.3497763078
FA161ACPHi,0,3.3497763078
FA80ACPHi,0,3.3497763078
FACOAE100,0,0.6471832272
FACOAE120,0,1.121361453
FACOAE140,0,1.121361453
FACOAE141,0,1.121361453
FACOAE160,0,1.121361453
FACOAE161,0,1.121361453
FACOAE180,0,1.121361453
FACOAE181,0,1.121361453
FACOAE60,0,3.3798854436
FACOAE80,0,0.4179111725
FACOAL100t2pp,0,0
FACOAL120t2pp,0,1.121361453
FACOAL140t2pp,0,1.121361453
FACOAL141t2pp,0,1.121361453
FACOAL160t2pp,0,1.121361453
FACOAL161t2pp,0,1.121361453
FACOAL180t2pp,0,1.121361453
FACOAL181t2pp,0,1.121361453
FACOAL60t2pp,0,3.3497763078
FACOAL80t2pp,0,0
FADRx,0,1.3356389143
FADRx2,0,1.2886157289
FALDH2,0,0
FALDtex,0,0
FALDtpp,0,0
FALGTHLs,0,0
FBA,-1.13047170882416E-22,0.2285933013
FBA3,0,0.0641761914
FBP,-1.1E-24,0.007008347
FCI,0,0
FCLK,0,0
FCLPA,0,0
FCLT,0,0.0272317829
FDH4pp,0,2.76
FDH5pp,0,2.76
FDMO,0,3.59129325769886E-13
FDMO2,0,0
FDMO3,0,0
FDMO4,0,-7.57306469012172E-29
FDMO6,0,0
FE2abcpp,0,3.1997476669
FE2t2pp,0,7.39086768
FE2t3pp,0,14.78173536
FE2tex,-1.9096037879,1000
FE2tpp,0,14.78173536
FE3DCITabcpp,0,0
FE3DCITtonex,0,2.27373675443232E-14
FE3DHBZR,0,0
FE3DHBZSabcpp,0,0
FE3DHBZStonex,0,0
FE3HOXR1,0,0.7057231425
FE3HOXR2,0,0.7057231425
FE3HOXR3,0,0.7057231425
FE3HOXUtex,0,1.411446285
FE3HOXUtpp,0,1.411446285
FE3HOXabcpp,0,1.411446285
FE3HOXexs,0,1.411446285
FE3HOXtonex,0,1.411446285
FE3Ri,0,1.3356389143
FE3abcpp,0,1.9096037973
FE3tex,-1000,1.9096037973
FECRMR1,0,0.7057231425
FECRMR2,0,0.7057231425
FECRMR3,0,0.7057231425
FECRMUtex,0,1.411446285
FECRMUtpp,0,1.411446285
FECRMabcpp,0,1.411446285
FECRMexs,0,1.411446285
FECRMtonex,0,1.411446285
FEENTERR1,0,0.7057231425
FEENTERR2,0,0.7057231425
FEENTERR3,0,0.7057231425
FEENTERabcpp,1.63723596578734E-18,1.411446285
FEENTERexs,1.63723596578734E-18,1.411446285
FEENTERtex,0,1.411446285
FEENTERtonex,0,1.411446285
FEENTERtpp,0,1.411446285
FEOXAMR1,0,0.7057231425
FEOXAMR2,0,0.7057231425
FEOXAMR3,0,0.7057231425
FEOXAMUtex,0,1.411446285
FEOXAMUtpp,0,1.411446285
FEOXAMabcpp,0,1.411446285
FEOXAMexs,0,1.411446285
FEOXAMtonex,0,1.411446285
FEROpp,0,250.4774009493
FESD1s,-7.70935507272974E-17,1.2630194381
FESD2s,0,0
FESR,0,2.5260388762
FFSD,0,0
FHL,0,0
FLDR2,0,2.5897290274
FLVR,0,0.7057231425
FLVRx,0,0.7057231425
FMETTRS,0,0
FMNAT,0,4.6661475108427E-06
FMNRx,0,0.7057231425
FMNRx2,0,0.7057231425
FOMETRi,0,1000
FORCT,0,0
FORt2pp,0,14.78173536
FORtex,-2.2311938955,0
FORtppi,0,15.0675427635
FRD2,0,0.6408609017
FRD3,0,0.6361159346
FRUK,0,0
FRULYSDG,0,0
FRULYSE,0,0
FRULYSK,0,0
FRULYSt2pp,0,0
FRULYStex,0,0
FRUURt2rpp,0,0
FRUURtex,0,0
FRUpts2pp,0,0
FRUptspp,0,0
FRUtex,0,0
FTHFD,0,3.5937120873
FTHFLi,0,3.3497763078
FUCtex,0,0
FUCtpp,0,0
FUM,-1.73754251454922E-12,0.2927396543
FUMt2_2pp,0,0
FUMt2_3pp,0,0
FUMtex,1.98074188852108E-28,0
FUSAtex,0,14.78173536
FUSAtpp,0,14.78173536
G1PACT,0,0.2142294991
G1PPpp,0,0
G1PTT,0,0.0218098645
G1Ptex,0,0
G1SAT,0,0.2178542628
G2PP,0,0
G2PPpp,0,0
G3PAT120,0,0.8301770604
G3PAT140,0,0.8301770604
G3PAT141,0,0.8301770604
G3PAT160,0,0.8301770604
G3PAT161,0,0.8301770604
G3PAT180,0,0.8301770604
G3PAT181,0,0.8301770604
G3PCabcpp,0,3.35539794755464E-32
G3PCtex,0,0
G3PD2,-2.3786640345,2.95822839457879E-31
G3PD5,0,2.2550375793
G3PD6,0,2.2550375793
G3PD7,0,0.619238886
G3PEabcpp,0,0.415627726
G3PEtex,-0.0194,0
G3PGabcpp,0,0.4187220385
G3PGtex,-0.0194,0
G3PIabcpp,0,4.3243733496905E-29
G3PItex,0,0
G3PSabcpp,0,0
G3PStex,0,0
G3PT,0,3.3497763078
G5SADs,0,3.0355661239
G5SD,0,3.0355661239
G6PDA,0,3.3497763078
G6PDH2r,-9.88126568715899E-22,0.2202250418
G6PP,0,3.3497763078
G6Pt6_2pp,0,0
G6Ptex,0,0
GAL1PPpp,0,0
GAL1Ptex,0,0
GALBDtex,0,0
GALCTD,0,0
GALCTLO,0,0
GALCTND,0,0
GALCTNLt2pp,0,0
GALCTNLtex,0,0
GALCTNt2pp,0,0
GALCTNtex,0,0
GALCTt2rpp,0,0
GALCTtex,0,0
GALKr,0,0
GALM2pp,0,0
GALS3,0,0
GALT1,0,0.00485
GALTptspp,0,0
GALTtex,0,0
GALURt2rpp,0,0
GALURtex,0,0
GALUi,0,3.3497763078
GALabcpp,0,0
GALt2pp,0,0
GALtex,0,0
GAM6Pt6_2pp,0,0
GAMAN6Ptex,0,0
GAMptspp,0,0
GAMtex,0,0
GAPD,-1.36705967726525E-14,0.4579513402
GARFT,-3.3497762878,0.343546031
GART,0,3.3497763078
GBBTNtex,0,0
GCALDD,4.75013494670612E-19,1.86645900430187E-05
GDMANE,0,0
GDPDPK,0,3.3497763078
GDPMNH,0,3.3497763078
GDPMNP,0,3.3497763078
GDPTPDP,0,3.3497763078
GDPtex,0,0
GF6PTA,-2.35922392732846E-16,3.3497763078
GGGABADr,0,0.0957027744
GGGABAH,0,0.0957027744
GGPTRCO,0,0.0957027744
GGPTRCS,0,0.0957027744
GHBDHx,0,0
GHMT2r,-0.3308748294,0.6046131674
GK1,0,3.3497762878
GLBRAN2,0,1000
GLCATr,0,0
GLCDpp,0,0.23
GLCNt2rpp,0,0.23
GLCNtex,-0.23,0
GLCP,0,1000
GLCP2,0,1000
GLCRAL,0,0
GLCRD,-4.06024420434169E-14,0
GLCRt2rpp,-4.06024420434169E-14,0
GLCRtex,-4.06024420434169E-14,0
GLCS1,0,1000
GLCTR1,0,0.00485
GLCTR2,0,0.00485
GLCTR3,0,0.00485
GLCUR1Ptex,0,0
GLCURt2rpp,0,0
GLCURtex,0,0
GLCabcpp,0,0.23
GLCptspp,7.57918512441939E-43,0.23
GLCt2pp,0,0.23
GLCtex,0.0005734319,0.2300000018
GLCtexi,-1.79999998239921E-09,0.2294265681
GLDBRAN2,0,1000
GLGC,0,1000
GLNS,0,3.3497763078
GLNTRS,0,0
GLNabcpp,0,0
GLNtex,0,0
GLTPD,0,0
GLU5K,0,3.0355661239
GLUABUTt7pp,0,1000
GLUCYS,0,0.8301770604
GLUDC,0,0.2178542628
GLUDy,-2.6960564211,3.3497763078
GLUN,0,3.3497763078
GLUNpp,0,0
GLUPRT,-1.03554652564143E-15,0.343546031
GLUR,-0.1046291984,0
GLUSy,0,3.3497763078
GLUTRR,0,0.2178542628
GLUTRS,0,0.2178542628
GLUabcpp,0,3.3497763078
GLUt2rpp,-1000,0.8301770604
GLUt4pp,0,1000
GLUtex,-0.2178542628,0
GLXCL,0,0.2406043042
GLYALDtex,-0.23,0
GLYALDtpp,-0.23,0
GLYAT,-0.7209691656,8.6010809793
GLYBabcpp,0,0
GLYBt2pp,0,0
GLYBtex,0,0
GLYC2Pabcpp,0,0
GLYC2Ptex,0,0
GLYC3Pabcpp,0,0.5582960513
GLYC3Pt6pp,0,0.5606807265
GLYC3Ptex,-0.0194,0
GLYCAt2rpp,-0.2019869994,0
GLYCAtex,-0.2019869994,0
GLYCDx,0,0.7848842257
GLYCK,0,0.2406043042
GLYCK2,0,0.2406043042
GLYCL,0,0.7200660732
GLYCLTDx,0,2.2550375793
GLYCLTDy,0,2.2550375793
GLYCLTt2rpp,-1000,-4.54747350886464E-13
GLYCLTt4pp,0,1000
GLYCLTtex,-0.3949682089,0
GLYCTO2,0,2.2550375793
GLYCTO3,0,2.2550375793
GLYCTO4,0,0.6346493002
GLYCtex,-0.23,0
GLYCtpp,-0.6728168678,0.23
GLYK,0,3.3497763078
GLYOX,0,0.722114733
GLYOX3,0,0.722114733
GLYTRS,0,0
GLYt2pp,0,1000
GLYt2rpp,-1000,0
GLYt4pp,0,1000
GLYtex,-0.6231473239,0
GMAND,0,0
GMHEPAT,0,0.0194
GMHEPK,0,0.0194
GMHEPPA,0,0.0194
GMPR,0,1.6445302975
GMPS2,0,1.6445302975
GMPtex,0,0
GND,-8.18520690228585E-07,0.2019708875
GNK,0,0.23
GOFUCR,0,0
GP4GH,0,0
GPDDA1,0,0
GPDDA1pp,0,0
GPDDA2,0,0.4833411131
GPDDA2pp,0,0.4172955356
GPDDA3,0,0
GPDDA3pp,0,0
GPDDA4,0,0.5582960513
GPDDA4pp,0,0.4205105449
GPDDA5,0,0
GPDDA5pp,0,0
GRTT,0,1.98154336004838E-05
GRXR,0,0.4943922559
GSNK,0,3.3497763078
GSNt2pp,0,0
GSNtex,0,0
GSPMDA,0,3.3497763078
GSPMDS,0,3.3497763078
GTHOXtex,8.6776268907011E-18,0
GTHOr,0,1.2540379222
GTHPi,0,1.2401542607
GTHRDHpp,0,0.8301770604
GTHRDabc2pp,0,1.6748881539
GTHRDabcpp,0,1.6748881539
GTHRDtex,-0.0957027744,0
GTHS,0,0.8301770604
GTPCI,1.18920701736545E-13,1.86645900429794E-05
GTPCII2,7.92804712124954E-14,9.33229502143793E-06
GTPDPDP,0,1.6748881539
GTPDPK,0,3.3497763078
GTPHs,0,1.1165921026
GTPtex,0,0
GUACYC,0,0.0088207221
GUAD,0,1.1165921026
GUAPRT,0,3.3497763078
GUAt2pp,0,14.7817353601
GUAtex,-0.2344522774,0
GUAtpp,-14.78173534,0
GUI1,0,0
GUI2,0,0
GUR1PPpp,0,0
H2O2tex,0,0
H2Otex,-502.552261387,0.8511938975
H2Otpp,-4.7420668871,0.8511938975
H2SO,0,0.4511279742
H2St1pp,0,0.4607264417
H2Stex,-0.46072644,0
H2tex,0,0
H2tpp,0,0
HACD1,-0.2026449734,0.1725
HACD2,-0.2026449734,0.1725
HACD3,-0.2026449734,0.0581124586
HACD4,-0.4179111706,0.0581124586
HACD5,-0.6471832225,0.0581124586
HACD6,-0.6471832241,0.0186612936
HACD7,-0.6471832241,0.0093306468
HACD8,-0.6471832225,0.0010174713
HADPCOADH3,0,0
HBZOPT,0,4.66614751093875E-06
HCINNMt2rpp,0,0
HCINNMtex,0,0
HCO3E,4.54861451371415E-13,3.3497763078
HCYSMT,0,0.0608574333
HCYSMT2,0,0
HDCAtexi,0,0
HDCEAtexi,0,0
HEMEOS,0,4.66614751054482E-06
HEPK1,0,0.00485
HEPK2,0,0.00485
HEPT1,0,0.00485
HEPT2,0,0.00485
HEPT3,0,0.00485
HEPT4,0,0.00485
HETZK,0,0
HEX1,0,3.5779300417
HEX4,0,3.3497763078
HEX7,0,3.5779300417
HEXt2rpp,-3.3798854236,9.3277756581396E-13
HG2abcpp,0,0
HG2t3pp,0,0
HG2tex,0,0
HISTD,0,0.0608574333
HISTP,0,0.0608574333
HISTRS,0,0
HISabcpp,0,3.3497763078
HISt2rpp,-3.3497762878,0
HIStex,-0.0608574333,0
HKNDDH,0,0
HKNTDH,0,0
HMBS,0,0.0272317829
HMPK1,0,0
HOMt2pp,0,0.3111355976
HOMtex,-0.311135597,0
HOPNTAL,0,0
HPPK2,0,1.86645900430688E-05
HPPPNDO,0,0
HPPPNt2rpp,0,0
HPPPNtex,0,0
HPYRI,-1000,0
HPYRRx,0,1000
HPYRRy,0,8.6004969793
HSDy,-0.7209691656,0
HSK,0,0.7209691671
HSST,0,0.0478513872
HSTPT,0,0.0608574333
HXAND,0,1.1070787974
HXAtex,-0.1725,0
HXCT,0,0.0957027744
HXPRT,0,3.3497763078
HYD1pp,0,0
HYD2pp,0,0
HYD3pp,0,0
HYPOE,0,3.3497763078
HYXNtex,-0.2480437138,0
HYXNtpp,-0.2480437138,0
Htex,-2.3724316481,1000
I2FE2SR,0,1.719568742568E-08
I2FE2SS,0,0.000005782
I2FE2SS2,2.36579563085644E-21,0.000005252
I2FE2ST,0,5.63116881130701E-07
I4FE4SR,0,0.000005252
I4FE4ST,-1.1055165181664E-22,0.000005252
ICDHyr,-2.39793537658467E-12,0.2178542628
ICHORS,-1000,0.0714869876
ICHORSi,0,1000
ICHORT,-7.77615388038586E-22,0.0714869876
ICL,-8.01409576581018E-13,0.261530733
ICYSDS,0,3.69316159479319E-05
IDOND,-8.6004969693,0.23
IDOND2,0,8.6004969793
IDONt2rpp,-0.23,0
IDONtex,-0.23,0
IG3PS,0,0.0608574333
IGPDH,0,0.0608574333
IGPS,0,0.0357434938
ILETA,-0.1759568424,0
ILETRS,0,0
ILEabcpp,0,3.3497763078
ILEt2rpp,-3.3497762878,0
ILEtex,-0.1759568424,0
IMPC,-0.3435844683,2.66529252028256E-18
IMPD,0,1.6445302975
IMPtex,0,0
INDOLEt2pp,0,1000
INDOLEt2rpp,-0.0357434938,1000
INDOLEtex,-0.0357434938,0
INOSTt4pp,0,0
INSH,0,3.3497763078
INSK,0,3.3497763078
INSTtex,6.61140568185249E-29,2.10362908058936E-30
INSt2pp,0,1000
INSt2rpp,-1000,0
INStex,-0.0608574333,0
IPDDI,-0.0001188298,1.98154335989547E-05
IPDPS,0,0.0001386453
IPMD,0,0.1778805495
IPPMIa,-0.1778805494,0
IPPMIb,-0.1778805494,0
IPPS,-8.04494572844131E-18,0.1778805495
ISETACabcpp,-4.82357482331125E-21,0
ISETACtex,-4.82357482331125E-21,0
K2L4Aabcpp,0,0.0097
K2L4Aabctex,0,0.0097
KARA1,-0.23,4.6031834009503E-17
KARA2,0,0.1759568427
KAS14,0,0.2026449742
KAS15,0,0.2026449742
KDOCT2,-1.38602861047332E-27,0.0194
KDOPP,-1.38602861047332E-27,0.0194
KDOPS,-1.38602861047332E-27,0.0194
KG6PDC,0,0
Kabcpp,0,3.1997476669
Kt2pp,0,7.39086768
Kt3pp,0,7.39086768
Ktex,3.08880719236675E-28,0.0039255883
L_DASH_LACD2,0,0.722114733
L_DASH_LACD3,0,0.722114733
L_DASH_LACt2rpp,-0.3916574062,0
L_DASH_LACtex,-0.3916574062,0
LA4NTpp,0,0.00485
LACZ,0,0
LACZpp,0,0
LADGMDH,0,0.1046291986
LALADGLUtex,-6.19070921323833E-30,0
LALADGLUtpp,0,0
LALALGLUtex,3.11392462587241E-33,0
LALALGLUtpp,0,0
LALDO2x,0,0.3301117044
LALDO3,0,0.722114733
LALGP,0,0.1046291986
LCADi,0,0.722114733
LCARR,0,0.3301117044
LCARS,0,0.3263792451
LCTSt3ipp,0,7.39086768
LCTStex,0,0
LCTStpp,0,7.39086768
LDH_D,-2.2550375793,0.722114733
LDH_D2,0,2.2550375793
LEUTAi,0,0.1778805495
LEUTRS,0,0
LEUabcpp,0,3.3497763078
LEUt2rpp,-3.4310882143,1.68701858038745E-16
LEUtex,-0.1778805494,1.68701858038745E-16
LGTHL,0,0.722114733
LIPACabcpp,0,0.0093306468
LIPAHT2ex,0,0
LIPAHTex,0,0
LIPAMPL,-6.54076675797069E-17,0
LIPATPT,0,0
LIPAabcpp,-4.16333634234434E-17,0.0096854098
LIPAabctex,-4.16333634234434E-17,0.0096854098
LIPOCT,0,3.52426510930269E-09
LIPOS,0,3.52426510930269E-09
LIPOt2pp,0,0
LIPOtex,0,0
LPADSS,-7.42654018344396E-28,0.0097
LPLIPAL1A120pp,-8.96831017167883E-44,0.5606807265
LPLIPAL1A140pp,0,0.5606807265
LPLIPAL1A141pp,0,0.5606807265
LPLIPAL1A160pp,0,0.5606807265
LPLIPAL1A161pp,2.13950713133291E-30,0.5606807265
LPLIPAL1A180pp,0,0.5606807265
LPLIPAL1A181pp,1.27845855710367E-29,0.5606807265
LPLIPAL1E120pp,0,0.4172955356
LPLIPAL1E140pp,2.076803632214E-29,0.4172955356
LPLIPAL1E141pp,-2.076803632214E-29,0.4172955356
LPLIPAL1E160pp,0,0.4172955356
LPLIPAL1E161pp,0,0.4172955356
LPLIPAL1E180pp,0,0.4172955356
LPLIPAL1E181pp,0,0.4172955356
LPLIPAL1G120pp,0,0.4205105449
LPLIPAL1G140pp,0,0.4205105449
LPLIPAL1G141pp,2.93183471861744E-30,0.4205105449
LPLIPAL1G160pp,0,0.4205105449
LPLIPAL1G161pp,0,0.4205105449
LPLIPAL1G180pp,0,0.4205105449
LPLIPAL1G181pp,0,0.4205105449
LPLIPAL2A120,-1.02065779786173E-16,0.8301770604
LPLIPAL2A140,0,0.8301770604
LPLIPAL2A141,0,0.8301770604
LPLIPAL2A160,1.24834940590598E-17,0.8301770604
LPLIPAL2A161,0,0.8301770604
LPLIPAL2A180,0,0.8301770604
LPLIPAL2A181,0,0.8301770604
LPLIPAL2ATE120,0,0
LPLIPAL2ATE140,0,-5.60519385729927E-44
LPLIPAL2ATE141,0,0
LPLIPAL2ATE160,0,0
LPLIPAL2ATE161,0,0
LPLIPAL2ATE180,0,-1.10459171965781E-29
LPLIPAL2ATE181,0,2.72097820193476E-29
LPLIPAL2ATG120,0,0
LPLIPAL2ATG140,0,-1.00974195868289E-28
LPLIPAL2ATG141,0,0
LPLIPAL2ATG160,0,0
LPLIPAL2ATG161,0,5.04870979341447E-29
LPLIPAL2ATG180,0,5.04870979341448E-29
LPLIPAL2ATG181,0,-2.33878802563536E-29
LPLIPAL2E120,0,0.4833411131
LPLIPAL2E140,0,0.4833411131
LPLIPAL2E141,0,0.4833411131
LPLIPAL2E160,0,0.4833411131
LPLIPAL2E161,0,0.4833411131
LPLIPAL2E180,0,0.4833411131
LPLIPAL2E181,0,0.4833411131
LPLIPAL2G120,0,0.5582960513
LPLIPAL2G140,0,0.5582960513
LPLIPAL2G141,0,0.5582960513
LPLIPAL2G160,0,0.5582960513
LPLIPAL2G161,0,0.5582960513
LPLIPAL2G180,0,0.5582960513
LPLIPAL2G181,0,0.5582960513
LSERDHr,0,0.6751452043
LYSDC,0,0.186574928
LYSTRS,0,0
LYSabcpp,0,3.1997476669
LYSt2pp,0,7.39086768
LYSt3pp,0,7.39086768
LYStex,-0.1865749277,0
LYXI,0,0
LYXt2pp,0,0
LYXtex,0,0
M1PD,0,0
MACPD,0,3.3497763078
MALCOAMT,1.3505544923061E-14,1.40913401654234E-08
MALDDH,0,0
MALDt2_2pp,0,0
MALDtex,0,0
MALS,-3.67842658796351E-16,0.3204811957
MALTATr,0,0
MALTHXabcpp,0,0
MALTHXtexi,0,0
MALTPTabcpp,0,0
MALTPTtexi,0,0
MALTTRabcpp,0,0
MALTTRtexi,0,0
MALTTTRabcpp,0,0
MALTTTRtexi,0,0
MALTabcpp,0,0
MALTptspp,0,0
MALTtexi,0,0
MALt2_2pp,0,4.92724512
MALt2_3pp,0,3.69543384
MALt3pp,0,4.92724512
MALtex,-0.4298536805,0
MAN1PT2,0,3.3497763078
MAN6PI,0,0
MAN6Pt6_2pp,0,0
MAN6Ptex,0,0
MANAO,0,0
MANGLYCptspp,0,0
MANGLYCtex,0,0
MANPGH,0,0
MANptspp,0,0
MANtex,0,0
MCITD,0,0.7200660732
MCITL2,0,0.7200660732
MCITS,0,0.7200660732
MCOATA,5.10836227595874E-33,3.3497763078
MCPST,0,0
MCTP1App,0,0.0534798677
MCTP1Bpp,0,0.0535573748
MCTP2App,0,0.0356017231
MDDCP1pp,0,0.0534025847
MDDCP2pp,0,0.0356017231
MDDCP3pp,0,0.0534025847
MDDCP4pp,0,0.0534025847
MDDCP5pp,0,0.0534798677
MDDEP1pp,0,0.0534025847
MDDEP2pp,0,0.0534798677
MDDEP3pp,0,0.0534025847
MDDEP4pp,0,0.0356017231
MDH,-2.2550375793,4.5329134402882E-15
MDH2,-2.32986366758421E-16,2.76
MDH3,0,2.746966902
ME1,-4.44E-16,0.5235072011
ME2,0,0.7200660732
MECDPDH5,0,0.0001386453
MECDPS,0,0.0001386453
MELIBt2pp,0,7.39086768
MELIBt3ipp,0,7.39086768
MELIBtex,0,0
MEOHtex,-1.80491479828772E-09,-1.37207988314552E-15
MEOHtrpp,-1.80491479828772E-09,-1.37207988314552E-15
MEPCT,3.21047442103373E-12,0.0001386453
METAT,0,0.0608574333
METDabcpp,0,0
METDtex,0,0
METOX1s,0,1.2401542607
METOX2s,0,1.2401542607
METS,-3.89825252501281E-11,0.0478513872
METSOX1abcpp,0,0
METSOX1tex,0,0
METSOX2abcpp,0,0
METSOX2tex,0,0
METSOXR1,0,1.2401542607
METSOXR2,0,1.2401542607
METTRS,0,0
METabcpp,0,2.59769638149699E-16
METtex,0,2.59769638149699E-16
MG2t3_2pp,-7.39086767,0.0001744657
MG2tex,0,0.0001744657
MG2tpp,0,7.39086768
MG2uabcpp,0,2.7052720462
MGSA,0,0.23
MI1PP,0,0
MICITDr,0,0.7200660732
MINCYCtex,0,14.78173536
MINCYCtpp,0,14.78173536
MINOHPtexi,0,8.41451632235746E-30
MLDCP1App,0,0.0534798677
MLDCP1Bpp,0,0.0533255247
MLDCP2App,0,0.0534798677
MLDCP2Bpp,0,0.0534025847
MLDCP3App,-7.23726692841892E-15,0.0535573748
MLDEP1pp,0,0.0535573748
MLDEP2pp,0,0.0534798677
MLTG1,0,0
MLTG2,0,0
MLTG3,0,3.3497763078
MLTG4,0,3.3497763078
MLTG5,0,3.3497763078
MLTGY1pp,0,0.0534025847
MLTGY2pp,0,0.0534798677
MLTGY3pp,0,0.0535573748
MLTGY4pp,0,0.0356017231
MLTP1,-3.3497762878,0
MLTP2,-3.3497762878,0
MLTP3,-3.3497762878,0
MMCD,0,0.7200660732
MMETt2pp,0,-3.15673413335085E-14
MMETtex,0,-3.15673413335085E-14
MMM,0,0.7200660732
MN2t3pp,0,14.78173536
MN2tpp,0,14.78173536
MN6PP,0,3.3497763078
MNLptspp,0,0
MNLtex,0,0
MNNH,0,0
MNt2pp,0,7.39086768
MNtex,0,1.38969213197004E-05
MOADSUx,0,1.02948195751709E-05
MOAT,0,0.0097
MOAT2,0,0.0097
MOAT3C,0,0.00485
MOBDabcpp,0,2.86664667734901E-06
MOBDtex,0,2.86664667734901E-06
MOCDS,0,1.46470998112723E-07
MOCOS,0,2.72017567923629E-06
MOGDS,0,1.46470998112723E-07
MOHMT,-5.55111512312578E-17,1.20524702909023E-05
MOX,-2.5126866684,1.1272267897
MPTAT,0,5.14740936160311E-06
MPTG,0,0.0535573748
MPTG2,0,0.0356017231
MPTS,0,5.14740936173485E-06
MPTSS,0,1.02948187234697E-05
MSAR,0,0.2951618703
MSO3abcpp,-4.74373053273529E-30,-2.52435489670724E-29
MSO3tex,-4.74373053273529E-30,-2.52435489670724E-29
MTAN,0,0.0478513872
MTHFC,-0.3308748294,0.918535811
MTHFD,-0.3308748294,0.918535811
MTHFR2,0,0.0478513872
MTHTHFSs,0,0.0608574333
MTRPOX,0,0
N2Otex,0,0
N2Otpp,0,0
NACODA,0,0.0957027744
NACtex,0,0
NACtpp,0,0
NADDP,0,3.3497763078
NADH10,0,2.2550375793
NADH16pp,-9.86150683216655E-14,0.6272522522
NADH17pp,0,2.2550375793
NADH18pp,0,0.6361159346
NADH5,-1.05479385524576E-11,0.919
NADH9,0,0.6346493002
NADK,2.20507848302351E-16,3.3497763078
NADN,1.95644719106012E-17,0.837444077
NADPHQR2,0,2.2550375793
NADPHQR3,0,2.2550375793
NADPHQR4,0,0.619238886
NADPPPS,0,3.3497763078
NADS1,2.62141211726114E-16,1.6748881539
NADTRHD,-3.14128402467303E-08,0.5676432412
NAMNPP,0,0.837444077
NAt3_1p5pp,0,14.78173536
NAt3_2pp,0,14.78173536
NAt3pp,0,1000
NAtex,0,-2.27373675443232E-13
NDPK1,-1000,6.7698419741
NDPK2,4.52128699134088E-14,3.3497763078
NDPK3,-1.1165920959,3.3497763078
NDPK4,0,3.3497763078
NDPK5,-0.0608574333,3.3497763078
NDPK6,0,0.0608574333
NDPK7,-0.0608574333,3.3497763078
NDPK8,-0.0608574333,3.3497763078
NH4tex,-5.4653813701998E-13,1.2116531969
NH4tpp,-1.57308290109978E-12,3.4440377873
NHFRBO,0,0
NI2abcpp,0,3.3497763078
NI2t3pp,0,14.78173536
NI2tex,0,0.000006496
NI2tpp,0,14.78173536
NI2uabcpp,0,3.1997476669
NMNAT,0,3.3497763078
NMNDA,0,1.6748881539
NMNN,0,0.837444077
NMNPtpp,0,0
NMNt7pp,0,0
NMNtex,-2.01948391736578E-28,0
NNAM,0,0.837444077
NNATr,5.60150317671515E-16,1.6748881539
NNDMBRT,0,0
NNDPR,5.60150317671515E-16,4.76867720806949E-05
NO2t2rpp,0,0
NO2tex,0,0
NO3R1bpp,0,1.52821559289166E-29
NO3R1pp,0,-4.44286461545031E-27
NO3R2bpp,0,-4.44286461545032E-27
NO3R2pp,0,-4.44286461545031E-27
NO3t7pp,0,0
NO3tex,0,0
NODOx,0,-2.32240650497066E-27
NODOy,0,-2.32240650497066E-27
NOVBCNtex,0,14.78173536
NOVBCNtpp,0,14.78173536
NOtex,0,0
NOtpp,0,0
NTD1,0,3.3497763078
NTD10,0,3.3497763078
NTD10pp,0,0
NTD11,0,3.3497763078
NTD11pp,0,0
NTD12,0,0.0608574333
NTD12pp,0,0
NTD1pp,0,0
NTD2,0,3.3497763078
NTD2pp,0,0
NTD3,0,0.0608574333
NTD3pp,0,0
NTD4,-8.32667268468867E-17,3.3497763078
NTD4pp,0,0
NTD5,0,3.3497763078
NTD5pp,0,0
NTD6,0,0.0608574333
NTD6pp,0,0
NTD7,0,3.3497763078
NTD7pp,0,0
NTD8,0,0.0608574333
NTD8pp,0,0
NTD9,0,3.3497763078
NTD9pp,0,0
NTP1,0,3.3497763078
NTP10,0,3.3497763078
NTP11,0,0
NTP12,0,0
NTP3,0,3.3497763078
NTP3pp,0,0
NTP5,0,3.3497763078
NTPP1,0,3.3497763078
NTPP10,0,0.0608574333
NTPP11,0,1.1165921026
NTPP2,0,3.3497763078
NTPP3,0,3.3497763078
NTPP4,0,3.3497763078
NTPP5,0,3.3497763078
NTPP6,0,3.3497763078
NTPP7,0,3.3497763078
NTPP8,0,3.3497763078
NTPP9,0,0.5755059102
NTPTP1,0,0.0608574333
NTPTP2,0,3.3497763078
NTRIR2x,0,0
NTRIR3pp,0,0
NTRIR4pp,0,0
O16A4COLIPAabctex,0,0
O16A4Lpp,0,0
O16AP1pp,0,0
O16AP2pp,0,0
O16AP3pp,0,0
O16AT,0,0
O16AUNDtpp,0,0
O16GALFT,0,0
O16GLCT1,0,0
O16GLCT2,0,0
O2Stex,0,0
O2tex,-3.42263918790655E-13,251.38
O2tpp,-3.4226637260657E-13,1.38
OAADC,0,0.7200660732
OBTFL,0,0.3509023721
OCBT,0,0.0957027744
OCDCAtexi,0,3.50324616081204E-46
OCDCEAtexi,0,0
OCTAtex,0,0
OCTDPS,0,1.3998442532573E-05
OCTNLL,0,6.27732848992302E-08
OGMEACPD,0,4.1848856599698E-08
OGMEACPR,0,4.1848856599698E-08
OGMEACPS,0,4.1848856599698E-08
OHPBAT,-1.87575311379018E-34,4.66614751085769E-06
OHPHM,0,4.66614751085762E-06
OMBZLM,0,4.66614751085762E-06
OMCDC,-3.78961850273097E-31,0.1778805495
OMMBLHX,0,4.66614751077414E-06
OMMBLHX3,0,4.66614751077414E-06
OMPDC,-2.78246525235975E-31,0.4182179446
OMPHHX,0,4.66614751016664E-06
OMPHHX3,0,4.66614751016212E-06
OP4ENH,1.21169035041947E-27,0
OPHBDC,-3.4559118998543E-31,4.6661475101686E-06
OPHHX,0,4.6661475101686E-06
OPHHX3,0,4.66614751016212E-06
OPMEACPD,-3.99428779603348E-28,4.1848856593376E-08
OPMEACPR,-3.99428779603348E-28,4.1848856593376E-08
OPMEACPS,-3.99428779603348E-28,4.1848856593376E-08
ORNDC,0,0.0957027744
ORNabcpp,0,3.1997476669
ORNtex,-0.0957027744,0
OROTt2_2pp,0,0
OROTtex,-5.91645678915894E-30,0
ORPT,-0.4182179432,0
OXAMTC,0,0.3274559075
OXCDC,0,0
OXCOAHDH,0,0
OXDHCOAT,0,0
P5CD,0,3.0355661239
P5CR,0,1.2886157289
PA120abcpp,0,1.121361453
PA140abcpp,0,1.121361453
PA141abcpp,0,1.121361453
PA160abcpp,0,1.121361453
PA161abcpp,0,1.121361453
PA180abcpp,0,1.121361453
PA181abcpp,0,1.121361453
PACALDt2rpp,0,0
PACALDtex,0,0
PACCOAE,0,0
PACCOAL,0,0
PANTS,0,1.20524707318055E-05
PAPA120,0,3.3497763078
PAPA120pp,0,1.121361453
PAPA140,0,3.3497763078
PAPA140pp,0,1.121361453
PAPA141,0,3.3497763078
PAPA141pp,0,1.121361453
PAPA160,0,3.3497763078
PAPA160pp,0,1.121361453
PAPA161,0,3.3497763078
PAPA161pp,0,1.121361453
PAPA180,0,3.3497763078
PAPA180pp,0,1.121361453
PAPA181,0,3.3497763078
PAPA181pp,0,1.121361453
PAPPT3,0,0.1071147496
PAPSR,0,0.4607264417
PAPSR2,0,0.4607264417
PDE1,-1.87E-32,0.0088019316
PDE4,0,0.0088207221
PDH,-1.20032311136812E-13,0.6274311024
PDX5PO2,0,4.66614751089991E-06
PDX5POi,0,4.66614751069756E-06
PDX5PS,0,4.66614751070322E-06
PDXPP,0,3.3497763078
PE120abcpp,0,1.1165921026
PE140abcpp,0,1.1165921026
PE141abcpp,0,1.1165921026
PE160abcpp,0,1.1165921026
PE161abcpp,0,1.1165921026
PE180abcpp,1.17361024522005E-17,1.1165921026
PE181abcpp,0,1.1165921026
PEAMNOpp,0,0
PEAMNtex,0,0
PERD,0,4.66614751070694E-06
PETNT161pp,0,0.0064666667
PETNT181pp,0,0.0064666667
PFK,-2.71515684935331E-09,0.2289434382
PFK_2,0,0
PFK_3,0,0.0641761914
PFL,0,2.2550375793
PG120abcpp,0,1.1165921026
PG140abcpp,0,1.1165921026
PG141abcpp,0,1.1165921026
PG160abcpp,0,1.1165921026
PG161abcpp,0,1.1165921026
PG180abcpp,0,1.1165921026
PG181abcpp,0,1.1165921026
PGAMT,-0.2142294986,0
PGCD,0,0.6046131674
PGI,-0.1081622459,0.2260424457
PGK,-0.4579513402,2.89171554764465E-17
PGL,-9.88126568715899E-22,0.2202250418
PGLYCP,0,0
PGM,-0.4581898116,1.9991311055394E-19
PGMT,-3.3497762878,0
PGP120abcpp,0,0.5606807265
PGP140abcpp,0,0.5606807265
PGP141abcpp,0,0.5606807265
PGP160abcpp,0,0.5606807265
PGP161abcpp,0,0.5606807265
PGP180abcpp,0,0.5606807265
PGP181abcpp,0,0.5606807265
PGPP120,0,0.6728168718
PGPP120pp,0,0.5606807265
PGPP140,0,0.6728168718
PGPP140pp,0,0.5606807265
PGPP141,0,0.6728168718
PGPP141pp,0,0.5606807265
PGPP160,0,0.6728168718
PGPP160pp,0,0.5606807265
PGPP161,0,0.6728168718
PGPP161pp,0,0.5606807265
PGPP180,0,0.6728168718
PGPP180pp,0,0.5606807265
PGPP181,0,0.6728168718
PGPP181pp,0,0.5606807265
PGSA120,0,0.6728168718
PGSA140,-1.74443020782057E-24,0.6728168718
PGSA141,-6.84670876354962E-30,0.6728168718
PGSA160,0,0.6728168718
PGSA161,4.42379942784736E-24,0.6728168718
PGSA180,0,0.6728168718
PGSA181,0,0.6728168718
PHEMEabcpp,0,0.0272317829
PHEMEtiex,0,0.0272317829
PHETA1,-0.0714869876,0
PHETRS,0,0
PHEt2rpp,-0.0714869876,0
PHEtex,-0.0714869876,0
PHYTSpp,8.41451632235746E-30,4.62592926926728E-18
PIt2rpp,-0.2238139449,0.0143080512
PItex,4.84387079161963E-13,0.0194
PIuabcpp,0,1.2658013992
PLIPA1A120pp,0,0.8301770604
PLIPA1A140pp,0,0.8301770604
PLIPA1A141pp,0,0.8301770604
PLIPA1A160pp,0,0.8301770604
PLIPA1A161pp,0,0.8301770604
PLIPA1A180pp,0,0.8301770604
PLIPA1A181pp,0,0.8301770604
PLIPA1E120pp,0,1.1165921026
PLIPA1E140pp,0,1.1165921026
PLIPA1E141pp,0,1.1165921026
PLIPA1E160pp,0,1.1165921026
PLIPA1E161pp,0,1.1165921026
PLIPA1E180pp,0,1.1165921026
PLIPA1E181pp,0,1.1165921026
PLIPA1G120pp,0,1.1165921026
PLIPA1G140pp,0,1.1165921026
PLIPA1G141pp,0,1.1165921026
PLIPA1G160pp,0,1.1165921026
PLIPA1G161pp,0,1.1165921026
PLIPA1G180pp,0,1.1165921026
PLIPA1G181pp,0,1.1165921026
PLIPA2A120pp,0,0.5606807265
PLIPA2A140pp,0,0.5606807265
PLIPA2A141pp,0,0.5606807265
PLIPA2A160pp,0,0.5606807265
PLIPA2A161pp,0,0.5606807265
PLIPA2A180pp,0,0.5606807265
PLIPA2A181pp,0,0.5606807265
PLIPA2E120pp,0,0.4172955356
PLIPA2E140pp,0,0.4172955356
PLIPA2E141pp,0,0.4172955356
PLIPA2E160pp,0,0.4172955356
PLIPA2E161pp,0,0.4172955356
PLIPA2E180pp,0,0.4172955356
PLIPA2E181pp,0,0.4172955356
PLIPA2G120pp,0,0.4205105449
PLIPA2G140pp,0,0.4205105449
PLIPA2G141pp,-3.59623120725595E-29,0.4205105449
PLIPA2G160pp,0,0.4205105449
PLIPA2G161pp,0,0.4205105449
PLIPA2G180pp,0,0.4205105449
PLIPA2G181pp,-1.06342147809286E-29,0.4205105449
PMANM,-3.3497762878,0
PMDPHT,0,9.33229502175556E-06
PMEACPE,0,4.18488565998057E-08
PMPK,0,3.3497763078
PNTK,-2.77555756156289E-17,1.20524707560876E-05
PNTOt4pp,0,0
PNTOtex,0,0
POAACR,0,0.2951618703
POR5,-2.5897290274,0.0608574333
POX,0,0.0957027744
PPA,0,3.3497763078
PPA2,0,3.3497763078
PPAKr,0,1000
PPALtex,0,0
PPALtpp,0,0
PPAt4pp,0,0
PPAtex,0,0
PPBNGS,0,0.1089271314
PPC,-8.35E-20,1.3114359677
PPCDC,0,1.20524708444158E-05
PPCK,-0.2248076195,1.604175622
PPCSCT,0,1.014465056
PPGPPDP,0,3.3497763078
PPK2r,-3.3497762878,3.3497763078
PPKr,-1000,3.3497763279
PPM,-1000,3.3497763078
PPM2,0,0.0608574333
PPNCL2,0,1.20524707065247E-05
PPND,0,0.0714869876
PPNDH,0,0.0714869876
PPPGO,0,0.0272317829
PPPGO3,0,0.0272317829
PPPNDO,0,0
PPPNt2rpp,0,0
PPPNtex,0,0
PPS,-9.42E-17,0.000584
PPTHpp,0,0
PPTtex,0,0
PRAGSr,0,0.343546031
PRAIS,0,0.343546031
PRAIi,0,0.0357434938
PRAMPC,0,0.0608574333
PRASCSi,0,0.343546031
PRATPP,0,0.0608574333
PRFGS,0,0.343546031
PRMICI,0,0.0608574333
PROD2,0,1.2886157289
PROGLYabcpp,0,0
PROGLYtex,0,0
PROTRS,0,0
PROabcpp,0,3.3497763078
PROt2rpp,-1000,0
PROt4pp,0,1000
PROtex,-0.2178542628,0
PRPPS,-1000,3.3497763078
PSCLYSt2pp,0,0
PSCLYStex,0,0
PSCVT,0,0.0714869876
PSD120,0,0.4833411131
PSD140,0,0.4833411131
PSD141,0,0.4833411131
PSD160,0,0.4833411131
PSD161,0,0.4833411131
PSD180,0,0.4833411131
PSD181,0,0.4833411131
PSERT,0,0.6046131674
PSERtex,0,0
PSP_L,0,0.6046131674
PSP_Lpp,0,0
PSSA120,0,0.4833411131
PSSA140,0,0.4833411131
PSSA141,0,0.4833411131
PSSA160,0,0.4833411131
PSSA161,0,0.4833411131
PSSA180,0,0.4833411131
PSSA181,0,0.4833411131
PTA2,0,1000
PTAr,-4.27061589169374E-16,0.0702811486
PTHRpp,0,0
PTPATi,1.11022302462516E-16,1.2052470863453E-05
PTRCORNt7pp,-7.39086767,0
PTRCTA,0,0.0957027744
PTRCabcpp,0,3.1997476669
PTRCt2pp,0,7.39086768
PTRCtex,-0.0957027744,0
PUNP1,-3.3497762878,3.3497763078
PUNP2,-0.5755059088,0.0608574333
PUNP3,-0.0608574333,3.3497763078
PUNP4,3.61190112354919E-29,0.0608574333
PUNP5,-3.3497762878,3.3497763078
PUNP6,-2.52826006558989E-24,0.5755059102
PUNP7,-3.3497762878,3.3497763078
PYAM5PO,0,2.2550375793
PYDAMK,-1.63285687682973E-24,3.3497763078
PYDAMtex,-1.63285687682973E-24,0
PYDAMtpp,0,0
PYDXK,0,3.3497763078
PYDXNK,0,3.3497763078
PYDXNtex,0,0
PYDXNtpp,0,0
PYDXPP,0,3.3497763078
PYDXtex,0,0
PYDXtpp,0,0
PYK,-7.08856553815064E-19,0.4644138619
PYNP2r,-3.3497762878,3.3497763078
PYROX,0,0.2951618703
PYRt2rpp,-0.5413658213,0
PYRtex,-0.5413658213,0
QMO2,0,0
QMO3,0,0
QUIN2tex,-0.0714869876,0
QUIN2tpp,-0.0714869876,0
QUINDH,-0.0714869876,0
QULNS,0,4.76867726611137E-05
R15BPK,0,1000
R1PK,0,1000
R5PP,0,3.3497763078
R5PPpp,2.52435489670723E-29,0
R5Ptex,2.52435489670723E-29,0
RBFK,0,4.66614751061489E-06
RBFSa,0,1.86645900424595E-05
RBFSb,0,9.33229502122977E-06
RBK,0,3.3497763078
RBK_L1,0,0
RBP4E,0,0
REPHACCOAI,1.29266043823873E-18,0
RFAMPtex,0,14.78173536
RFAMPtpp,0,14.78173536
RHAT1,0,0.00485
RHCCE,0,0.0608574333
RIBabcpp,0,0
RIBtex,0,0
RMI,0,0
RMK,0,0
RMNtex,0,0
RMNtpp,0,0
RMPA,0,0
RNDR1,0,0.0608574333
RNDR1b,0,0.0608574333
RNDR2,0,0.0608574333
RNDR2b,0,0.0608574333
RNDR3,0,0.0608574333
RNDR3b,0,0.0608574333
RNDR4,0,0.0608574333
RNDR4b,0,0.0608574333
RNTR1c2,0,0.0608574333
RNTR2c2,0,0.0608574333
RNTR3c2,0,0.0608574333
RNTR4c2,0,0.0608574333
RPE,-0.0008363256,0.121713925
RPI,-0.0608569625,4.70838017456048E-07
RZ5PP,0,0
S2FE2SR,0,4.18488565840975E-08
S2FE2SS,-0.000000016,5.75183670984754E-06
S2FE2SS2,-1.65436122510606E-24,0.000005252
S2FE2ST,0,5.63116878444383E-07
S4FE4SR,0,0.000005252
S4FE4ST,-4.2351647362715E-22,0.000005252
S7PI,0,0.0194
SADH,0,0.0957027744
SADT2,-1.97385007858083E-18,0.4607264417
SARCOX,0,0
SBTPD,0,0
SBTptspp,0,0
SBTtex,0,0
SCYSDS,0,2.20017809912764E-05
SDPDS,0,0.186574928
SDPTA,-0.1865749277,-3.80451683902476E-17
SELCYSS,0,0
SELGTHR,0,0
SELGTHR2,0,0
SELGTHR3,0,0
SELNPS,0,0
SELR,0,0
SELtex,0,0
SELtpp,0,0
SEPHCHCS,0,9.33229502145366E-06
SERASr,7.89603973373026E-16,1.6748881539
SERAT,0,0.3670571474
SERD_D,0,0.6751452043
SERD_L,0,0.6751452043
SERTRS,0,0
SERTRS2,0,0
SERt2rpp,-1000,0
SERt4pp,0,1000
SERtex,-0.4847798262,0
SFGTHi,0,-6.8137805360799E-15
SGDS,0,0.0957027744
SGSAD,0,0.0957027744
SHCHCS3,0,9.3322950212597E-06
SHCHD2,0,4.66614751063041E-06
SHCHF,0,4.66614751063041E-06
SHK3Dr,0,0.0714869876
SHKK,0,0.0714869876
SHSL1,0,0.0478513872
SKMt2pp,0,0
SKMtex,0,0
SLNTtex,0,0
SLNTtpp,0,0
SO2tex,0,0
SO2tpp,0,0
SO3tex,0,0
SO4t2pp,0,0.4607264417
SO4tex,5.55111512312578E-17,0.4607264417
SOTA,0,0.0957027744
SPMDAT1,0,0
SPMDAT2,0,0
SPMDabcpp,0,3.1997476669
SPMDt3pp,0,3.1997476669
SPMDtex,-0.0478513872,0
SPMS,0,0.0478513872
SPODM,0,0
SPODMpp,0,0
SSALx,0,0.2178542628
SSALy,0,0.2178542628
SUCASPtpp,0,0
SUCBZL,0,9.33229502153848E-06
SUCBZS,0,9.3322950215389E-06
SUCCt2_2pp,0,4.92724512
SUCCt2_3pp,0,3.69543384
SUCCt3pp,0,4.92724512
SUCCtex,-0.3938220354,0
SUCDi,-5.21035935934133E-14,0.287671052
SUCFUMtpp,0,0
SUCMALtpp,0,0
SUCOAS,-0.2631900615,5.28093155652671E-09
SUCRtex,0,0
SUCTARTtpp,0,0
SUCptspp,0,0
SULFACabcpp,-1.13686837721606E-13,0
SULFACtex,-1.13686837721606E-13,0
SULRi,0,0.4607264417
SULabcpp,0,0.4330828552
T2DECAI,0,0.3688982239
TAGURr,0,0
TALA,-0.0033192289,0.0608569625
TARTD,0,0
TARTRDtex,0,0
TARTRt7pp,0,0
TARTRtex,0,0
TARTt2_3pp,0,0
TAUDO,0,0
TAURabcpp,0,0
TAURtex,0,0
TCYNTtex,0,0
TDP,0,3.3497763078
TDPADGAT,1.82896656667091E-28,0.0174478916
TDPAGTA,1.82896656667091E-28,0.0174478916
TDPDRE,0,0.00485
TDPDRR,0,0.00485
TDPGDH,0,0.0218098645
TDSK,6.31088724176809E-30,0.0097
TDSR1,0,0
TDSR2,0,0
TGBPA,0,0
THD2pp,0,7.39086768
THDPS,0,0.186574928
THFAT,0,1000
THIORDXi,0,1.2401542607
THMDt2pp,0,1000
THMDt2rpp,-1000,0
THMDtex,-0.0608574333,0
THMabcpp,0,-4.37113773944197E-16
THMtex,0,-4.37113773944197E-16
THRA2i,0,8.6004969793
THRAi,0,0.7209691671
THRD,0,0.7209691671
THRD_L,0,0.3523430375
THRPtex,0,0
THRS,0,0.7209691671
THRTRS,0,0
THRabcpp,0,3.3497763078
THRt2pp,0,7.39086768
THRt2rpp,-1000,7.39086768
THRt4pp,0,1000
THRtex,-0.3028972437,0
THYMt3pp,0,0.2626276688
THYMtex,-0.2626276679,-9.65417717520313E-17
THZPSN3,0,4.66614751073838E-06
TKT1,-4.70838362465641E-07,0.0608569625
TKT2,-0.0106300251,0.0608569625
TMAOR1,0,0
TMAOR1pp,0,0
TMAOR2,0,0
TMAOR2pp,0,0
TMAOtex,0,0
TMAtex,0,0
TMDK1,0,3.3497763078
TMDPP,-6.78728019777976E-10,0.2626276688
TMDS,1.89071375515328E-09,0.2626276688
TMK,0,0
TMPK,-7.28326113897062E-14,3.3497763078
TMPPP,1.26249837168008E-13,4.66614751057018E-06
TPI,-3.00198259299593E-22,0.229487835
TPRDCOAS,0,0
TRDR,0,1.2540379222
TRE6PH,0,3.3497763078
TRE6PP,0,1.6748881539
TRE6PS,0,3.3497763078
TREH,0,1.6748881539
TREHpp,0,0
TREptspp,0,0
TREtex,0,0
TRPAS2,-0.0357434938,0.6751452043
TRPS1,0,0.0357434938
TRPS2,0,0.6751452043
TRPS3,0,0.0357434938
TRPTRS,0,0
TRPt2rpp,-0.0357434938,0
TRPtex,-0.0357434938,0
TRSARr,-1000,0.2406043042
TSULabcpp,0,0
TSULtex,0,0
TTDCAtexi,0,0
TTDCEAtexi,0,0
TTRCYCtex,0,14.78173536
TTRCYCtpp,0,14.78173536
TUNGSabcpp,0,0
TUNGStex,0,0
TYMtex,0,0
TYRL,0,4.66614751081734E-06
TYROXDApp,0,0
TYRPpp,0,0
TYRPtex,0,0
TYRTA,-0.0714869876,0
TYRTRS,0,0
TYRt2rpp,-0.0714869876,0
TYRtex,-0.0714869876,0
ThDPAT,0,0
U23GAAT,0,0.0194
UAAGDS,0,0.1046291986
UACGALPpp,0,0
UACGAMPpp,0,0
UACGAMtex,0,0
UACMAMO,-2.35279679693102E-29,0.0174478916
UAG2E,-2.35279679693102E-29,0.0174478916
UAGAAT,-3.15544362088405E-30,0.0194
UAGCVT,2.31727890908713E-30,0.1071147496
UAGDP,0,0.2142294991
UAGPT3,2.31727890908713E-30,0.1071147496
UAMAGS,0,0.1046291986
UAMAS,0,0.1046291986
UAPGR,1.95637504494846E-28,0.1071147496
UDCPDP,1.95637504494846E-28,0.1071147496
UDCPDPS,0,1.15084355647305E-06
UDCPDPpp,0,0.0174478916
UDCPPtppi,0,0.0174478916
UDPACGALtex,0,0
UDPG4E,0,0
UDPGALM,0,0
UDPGALPpp,0,0
UDPGALtex,0,0
UDPGD,0,0.00485
UDPGDC,0,0.00485
UDPGLCURtex,0,0
UDPGPpp,0,0
UDPGtex,0,0
UDPKAAT,0,0.00485
UGLCURPpp,0,0
UGLT,0,0
UGLYCH,0,0.3342441244
UGMDDS,0,0.1071147496
UHGADA,0,0.0194
ULA4NFT,0,0.00485
ULA4Ntppi,0,0.00485
UM3PL,0,0.1071147496
UM4PCP,0,0.1068051694
UM4PL,0,0.1068051694
UMPK,0,3.3497763078
UMPtex,0,0
UPLA4FNF,0,0.00485
UPLA4FNT,0,0.00485
UPP3MT,0,4.66614751042982E-06
UPP3S,0,0.0272317829
UPPDC1,-5.89771273613919E-17,0.0272317829
UPPRT,0,3.3497763078
URACPAH,0,0.2951618703
URAt2pp,0,1000
URAt2rpp,-1000,0
URAtex,-0.4182179432,0
URDGLYCD,0,0.3274559075
UREAtex,-0.0957027744,4.8467614016779E-27
UREAtpp,-0.0957027744,4.8467614016779E-27
URIC,0,0.343546031
URIH,0,3.3497763078
URIK2,0,3.3497763078
URIt2pp,0,1000
URIt2rpp,-1000,0
URItex,-0.0608574333,0
USHD,0,0.0097
VALTA,-1000,1000
VALTRS,0,0
VALabcpp,0,3.3497763078
VALt2rpp,-3.4717441776,0
VALtex,-0.23,0
VPAMTr,-1000,1000
WCOS,0,0
X5PL3E,0,0
XAND,0,0.343546031
XANt2pp,0,14.78173536
XANtex,-0.2674221289,0
XANtpp,-14.78173534,0
XMPtex,-1.13686837721616E-13,0
XPPT,0,3.3497763078
XTSNH,0,3.3497763078
XTSNt2rpp,-0.0608574333,0
XTSNtex,-0.0608574333,0
XYLI1,0,0
XYLI2,-0.3477563707,0.3381622459
XYLK,0,0
XYLK2,0,0
XYLUt2pp,0,0
XYLUtex,0,0
XYLabcpp,0,0
XYLt2pp,0,0
XYLtex,0,0
ZN2abcpp,0,3.3497763078
ZN2t3pp,0,14.78173536
ZN2tpp,0,14.78173536
ZNabcpp,0,3.1997476669
Zn2tex,0,0.000006858
CIMA,0,0.2921942337
CitraSink,0,0.2921942337
